suburb,lga,rate_per_100k,year
Abbotsford,Yarra,12312.1,2026
Aberfeldie,Moonee Valley,6224.3,2026
Acheron,Murrindindi,3633.5,2026
Ada,Baw Baw,5740.2,2026
Adams Estate,Bass Coast,5418.5,2026
Addington,Ballarat,9015.2,2026
Adelaide Lead,Central Goldfields,7043.9,2026
Agnes,South Gippsland,5201.7,2026
Aintree,Melton,4848.3,2026
Aireys Inlet,Surf Coast,2453.9,2026
Airly,Wellington,8830.1,2026
Airport West,Moonee Valley,6224.3,2026
Albanvale,Brimbank,7416.5,2026
Albert Park,Port Phillip,10986.9,2026
Alberton,Wellington,8830.1,2026
Alberton West,Wellington,8830.1,2026
Albion,Brimbank,7416.5,2026
Alexandra,Murrindindi,3633.5,2026
Alfredton,Ballarat,9015.2,2026
Allambee,Baw Baw,5740.2,2026
Allambee Reserve,Baw Baw,5740.2,2026
Allans Flat,Indigo,2491.5,2026
Allansford,Warrnambool,6984.3,2026
Allendale,Hepburn,3837.5,2026
Allestree,Glenelg,8421.2,2026
Alma,Central Goldfields,7043.9,2026
Almurta,Bass Coast,5418.5,2026
Alphington,Darebin,8083.0,2026
Altona,Hobsons Bay,6352.1,2026
Altona Meadows,Hobsons Bay,6352.1,2026
Altona North,Hobsons Bay,6352.1,2026
Alvie,Colac-Otway,6280.6,2026
Amherst,Central Goldfields,7043.9,2026
Amphitheatre,Pyrenees,5046.6,2026
Anakie,Greater Geelong,6272.9,2026
Anderson,Bass Coast,5418.5,2026
Anglers Rest,East Gippsland,9280.4,2026
Anglesea,Surf Coast,2453.9,2026
Antwerp,Hindmarsh,4837.7,2026
Apollo Bay,Colac-Otway,6280.6,2026
Apsley,West Wimmera,4284.3,2026
Ararat,Ararat,9340.4,2026
Arcadia,Greater Shepparton,10207.9,2026
Arcadia South,Strathbogie,3835.6,2026
Archdale Junction,Central Goldfields,7043.9,2026
Archerton,Wangaratta,6607.9,2026
Archies Creek,Bass Coast,5418.5,2026
Ardeer,Brimbank,7416.5,2026
Ardmona,Greater Shepparton,10207.9,2026
Argyle,Greater Bendigo,6770.6,2026
Armadale,Stonnington,9271.4,2026
Armstrong,Ararat,9340.4,2026
Armstrong Creek,Greater Geelong,6272.9,2026
Arnold,Loddon,5097.6,2026
Arnold West,Loddon,5097.6,2026
Arthurs Creek,Nillumbik,2654.9,2026
Arthurs Seat,Mornington Peninsula,4912.5,2026
Ascot,Greater Bendigo,6770.6,2026
Ascot Vale,Moonee Valley,6224.3,2026
Ashbourne,Macedon Ranges,3627.9,2026
Ashburton,Boroondara,4538.2,2026
Ashwood,Monash,5516.2,2026
Aspendale,Kingston,5525.1,2026
Aspendale Gardens,Kingston,5525.1,2026
Athlone,Baw Baw,5740.2,2026
Attwood,Hume,6016.8,2026
Avalon,Greater Geelong,6272.9,2026
Avenel,Strathbogie,3835.6,2026
Avoca,Pyrenees,5046.6,2026
Avon Plains,Northern Grampians,10712.0,2026
Avondale Heights,Moonee Valley,6224.3,2026
Avonmore,Greater Bendigo,6770.6,2026
Avonsleigh,Cardinia,4765.6,2026
Axe Creek,Greater Bendigo,6770.6,2026
Axedale,Greater Bendigo,6770.6,2026
Ayrford,Moyne,2907.2,2026
Bacchus Marsh,Moorabool,5893.8,2026
Baddaginnie,Benalla,7590.1,2026
Badger Creek,Yarra Ranges,3592.8,2026
Bael Bael,Gannawarra,5253.0,2026
Bagshot,Greater Bendigo,6770.6,2026
Bagshot North,Greater Bendigo,6770.6,2026
Bahgallah,Glenelg,8421.2,2026
Bailieston,Strathbogie,3835.6,2026
Bairnsdale,East Gippsland,9280.4,2026
Bakery Hill,Ballarat,9015.2,2026
Balaclava,Port Phillip,10986.9,2026
Bald Hills,Ballarat,9015.2,2026
Ballan,Moorabool,5893.8,2026
Ballangeich,Moyne,2907.2,2026
Ballarat Central,Ballarat,9015.2,2026
Ballarat East,Ballarat,9015.2,2026
Ballarat North,Ballarat,9015.2,2026
Ballendella,Campaspe,7598.2,2026
Balliang,Moorabool,5893.8,2026
Balliang East,Moorabool,5893.8,2026
Ballyrogan,Ararat,9340.4,2026
Balmattum,Strathbogie,3835.6,2026
Balmoral,Southern Grampians,5733.6,2026
Balnarring,Mornington Peninsula,4912.5,2026
Balnarring Beach,Mornington Peninsula,4912.5,2026
Balook,Wellington,8830.1,2026
Balwyn,Boroondara,4538.2,2026
Balwyn North,Boroondara,4538.2,2026
Bamawm,Campaspe,7598.2,2026
Bamawm Extension,Campaspe,7598.2,2026
Bambra,Surf Coast,2453.9,2026
Bamganie,Golden Plains,2239.8,2026
Bandiana,Wodonga,7160.6,2026
Bangholme,Greater Dandenong,10051.0,2026
Bannerton,Swan Hill,7462.2,2026
Bannockburn,Golden Plains,2239.8,2026
Banyena,Northern Grampians,10712.0,2026
Baranduda,Wodonga,7160.6,2026
Barfold,Mount Alexander,4533.3,2026
Baringhup,Mount Alexander,4533.3,2026
Barjarg,Mansfield,2650.7,2026
Barkers Creek,Mount Alexander,4533.3,2026
Barkly,Pyrenees,5046.6,2026
Barkstead,Moorabool,5893.8,2026
Barmah,Moira,5646.2,2026
Barnadown,Greater Bendigo,6770.6,2026
Barnawartha,Indigo,2491.5,2026
Barnawartha North,Wodonga,7160.6,2026
Baromi,South Gippsland,5201.7,2026
Barongarook,Colac-Otway,6280.6,2026
Barongarook West,Colac-Otway,6280.6,2026
Barrabool,Surf Coast,2453.9,2026
Barrakee,Buloke,4154.6,2026
Barramunga,Colac-Otway,6280.6,2026
Barunah Park,Golden Plains,2239.8,2026
Barunah Plains,Colac-Otway,6280.6,2026
Barwidgee,Alpine,2607.1,2026
Barwite,Mansfield,2650.7,2026
Barwon Downs,Colac-Otway,6280.6,2026
Barwon Heads,Greater Geelong,6272.9,2026
Bass,Bass Coast,5418.5,2026
Batesford,Greater Geelong,6272.9,2026
Baxter,Mornington Peninsula,4912.5,2026
Bayles,Cardinia,4765.6,2026
Baynton,Macedon Ranges,3627.9,2026
Bayswater,Knox,4791.8,2026
Bayswater North,Maroondah,5648.5,2026
Beaconsfield,Cardinia,4765.6,2026
Beaconsfield Upper,Cardinia,4765.6,2026
Bealiba,Central Goldfields,7043.9,2026
Bearii,Moira,5646.2,2026
Bears Lagoon,Loddon,5097.6,2026
Beauchamp,Gannawarra,5253.0,2026
Beaufort,Pyrenees,5046.6,2026
Beaumaris,Bayside,3827.2,2026
Beazleys Bridge,Northern Grampians,10712.0,2026
Beeac,Colac-Otway,6280.6,2026
Beech Forest,Colac-Otway,6280.6,2026
Beechworth,Indigo,2491.5,2026
Belgrave,Yarra Ranges,3592.8,2026
Belgrave Heights,Yarra Ranges,3592.8,2026
Belgrave South,Yarra Ranges,3592.8,2026
Bell Park,Greater Geelong,6272.9,2026
Bell Post Hill,Greater Geelong,6272.9,2026
Bellarine,Greater Geelong,6272.9,2026
Bellbrae,Surf Coast,2453.9,2026
Bellbridge,Towong,2916.0,2026
Bellfield,Banyule,5777.9,2026
Bells Beach,Surf Coast,2453.9,2026
Belmont,Greater Geelong,6272.9,2026
Bemm River,East Gippsland,9280.4,2026
Bena,South Gippsland,5201.7,2026
Benalla,Benalla,7590.1,2026
Benambra,East Gippsland,9280.4,2026
Bendigo,Greater Bendigo,6770.6,2026
Bendoc,East Gippsland,9280.4,2026
Bengworden,East Gippsland,9280.4,2026
Benjeroop,Gannawarra,5253.0,2026
Benloch,Macedon Ranges,3627.9,2026
Bennison,South Gippsland,5201.7,2026
Bentleigh,Glen Eira,3731.3,2026
Bentleigh East,Glen Eira,3731.3,2026
Beremboke,Moorabool,5893.8,2026
Berringa,Golden Plains,2239.8,2026
Berriwillock,Buloke,4154.6,2026
Berrybank,Corangamite,4833.3,2026
Berrys Creek,South Gippsland,5201.7,2026
Berwick,Casey,5401.8,2026
Bessiebelle,Moyne,2907.2,2026
Bet Bet,Central Goldfields,7043.9,2026
Bete Bolong,East Gippsland,9280.4,2026
Bethanga,Towong,2916.0,2026
Betley,Central Goldfields,7043.9,2026
Beulah,Yarriambiack,5410.1,2026
Beverford,Swan Hill,7462.2,2026
Beveridge,Mitchell,5822.7,2026
Big Hill,Greater Bendigo,6770.6,2026
Big Pats Creek,Yarra Ranges,3592.8,2026
Binginwarri,Wellington,8830.1,2026
Birchip,Buloke,4154.6,2026
Birdwoodton,Mildura,10269.1,2026
Birregurra,Colac-Otway,6280.6,2026
Bittern,Mornington Peninsula,4912.5,2026
Black Hill,Ballarat,9015.2,2026
Black Range,Northern Grampians,10712.0,2026
Black Rock,Bayside,3827.2,2026
Blackburn,Whitehorse,4862.5,2026
Blackburn North,Whitehorse,4862.5,2026
Blackburn South,Whitehorse,4862.5,2026
Blackwarry,Wellington,8830.1,2026
Blackwood,Moorabool,5893.8,2026
Blairgowrie,Mornington Peninsula,4912.5,2026
Blakeville,Moorabool,5893.8,2026
Blampied,Hepburn,3837.5,2026
Blind Bight,Casey,5401.8,2026
Blowhard,Ballarat,9015.2,2026
Bo Peep,Ballarat,9015.2,2026
Bobinawarrah,Wangaratta,6607.9,2026
Bochara,Southern Grampians,5733.6,2026
Boho,Strathbogie,3835.6,2026
Boho South,Strathbogie,3835.6,2026
Boigbeat,Buloke,4154.6,2026
Boisdale,Wellington,8830.1,2026
Bolinda,Macedon Ranges,3627.9,2026
Bolton,Swan Hill,7462.2,2026
Bolwarra,Glenelg,8421.2,2026
Bolwarrah,Moorabool,5893.8,2026
Bona Vista,Baw Baw,5740.2,2026
Bonbeach,Kingston,5525.1,2026
Bonegilla,Wodonga,7160.6,2026
Boneo,Mornington Peninsula,4912.5,2026
Bonnie Brook,Melton,4848.3,2026
Bonnie Doon,Mansfield,2650.7,2026
Bonshaw,Ballarat,9015.2,2026
Bookaar,Corangamite,4833.3,2026
Boola,Baw Baw,5740.2,2026
Boolarong,South Gippsland,5201.7,2026
Boolarra,Latrobe,12922.8,2026
Boolarra South,Latrobe,12922.8,2026
Boole Poole,East Gippsland,9280.4,2026
Boolite,Yarriambiack,5410.1,2026
Boorcan,Corangamite,4833.3,2026
Boorhaman,Wangaratta,6607.9,2026
Boorhaman East,Wangaratta,6607.9,2026
Boorhaman North,Wangaratta,6607.9,2026
Boorolite,Mansfield,2650.7,2026
Boorool,South Gippsland,5201.7,2026
Boort,Loddon,5097.6,2026
Boosey,Moira,5646.2,2026
Boralma,Wangaratta,6607.9,2026
Boronia,Knox,4791.8,2026
Borung,Loddon,5097.6,2026
Bostocks Creek,Corangamite,4833.3,2026
Botanic Ridge,Casey,5401.8,2026
Boundary Bend,Swan Hill,7462.2,2026
Bowenvale,Central Goldfields,7043.9,2026
Boweya,Benalla,7590.1,2026
Bowmans Forest,Wangaratta,6607.9,2026
Bowser,Wangaratta,6607.9,2026
Box Hill,Whitehorse,4862.5,2026
Box Hill North,Whitehorse,4862.5,2026
Box Hill South,Whitehorse,4862.5,2026
Braeside,Kingston,5525.1,2026
Brandy Creek,Baw Baw,5740.2,2026
Branxholme,Southern Grampians,5733.6,2026
Braybrook,Maribyrnong,10380.7,2026
Breakaway Creek,Glenelg,8421.2,2026
Breakwater,Greater Geelong,6272.9,2026
Breamlea,Greater Geelong,6272.9,2026
Brenanah,Loddon,5097.6,2026
Brewster,Pyrenees,5046.6,2026
Briagolong,Wellington,8830.1,2026
Briar Hill,Banyule,5777.9,2026
Bridge Creek,Mansfield,2650.7,2026
Bridgewater,Loddon,5097.6,2026
Bridgewater North,Loddon,5097.6,2026
Bridgewater On Loddon,Loddon,5097.6,2026
Bright,Alpine,2607.1,2026
Brighton,Bayside,3827.2,2026
Brighton East,Bayside,3827.2,2026
Brim,Yarriambiack,5410.1,2026
Brimin,Indigo,2491.5,2026
Brimpaen,Horsham,8829.9,2026
Broadford,Mitchell,5822.7,2026
Broadmeadows,Hume,6016.8,2026
Broadwater,Moyne,2907.2,2026
Brodribb River,East Gippsland,9280.4,2026
Broken Creek,Benalla,7590.1,2026
Bromley,Central Goldfields,7043.9,2026
Brookfield,Melton,4848.3,2026
Brooklyn,Hobsons Bay,6352.1,2026
Broomfield,Hepburn,3837.5,2026
Brown Hill,Ballarat,9015.2,2026
Browns Plains,Indigo,2491.5,2026
Bruarong,Indigo,2491.5,2026
Brunswick,Merri-bek,5879.2,2026
Brunswick East,Merri-bek,5879.2,2026
Brunswick West,Merri-bek,5879.2,2026
Bruthen,East Gippsland,9280.4,2026
Buangor,Ararat,9340.4,2026
Buchan,East Gippsland,9280.4,2026
Buchan South,East Gippsland,9280.4,2026
Buckland,Alpine,2607.1,2026
Buckley,Surf Coast,2453.9,2026
Buckrabanyule,Loddon,5097.6,2026
Budgeree,Latrobe,12922.8,2026
Buffalo,South Gippsland,5201.7,2026
Buffalo River,Alpine,2607.1,2026
Bulart,Southern Grampians,5733.6,2026
Bulgana,Northern Grampians,10712.0,2026
Bulla,Hume,6016.8,2026
Bullaharre,Corangamite,4833.3,2026
Bullarook,Moorabool,5893.8,2026
Bullarto,Hepburn,3837.5,2026
Bullarto South,Hepburn,3837.5,2026
Bulleen,Manningham,3083.0,2026
Bullengarook,Macedon Ranges,3627.9,2026
Bullioh,Towong,2916.0,2026
Bullumwaal,East Gippsland,9280.4,2026
Buln Buln,Baw Baw,5740.2,2026
Buln Buln East,Baw Baw,5740.2,2026
Bumberrah,East Gippsland,9280.4,2026
Bunbartha,Greater Shepparton,10207.9,2026
Bundalaguah,Wellington,8830.1,2026
Bundalong,Moira,5646.2,2026
Bundoora,Whittlesea,4992.9,2026
Bung Bong,Central Goldfields,7043.9,2026
Bungador,Colac-Otway,6280.6,2026
Bungal,Moorabool,5893.8,2026
Bungalally,Horsham,8829.9,2026
Bungaree,Moorabool,5893.8,2026
Bungeet West,Benalla,7590.1,2026
Bunguluke,Buloke,4154.6,2026
Buninyong,Ballarat,9015.2,2026
Bunkers Hill,Ballarat,9015.2,2026
Bunyip,Cardinia,4765.6,2026
Bunyip North,Cardinia,4765.6,2026
Burkes Flat,Loddon,5097.6,2026
Burnbank,Pyrenees,5046.6,2026
Burnewang,Campaspe,7598.2,2026
Burnley,Yarra,12312.1,2026
Burnside,Melton,4848.3,2026
Burnside Heights,Melton,4848.3,2026
Burramine,Moira,5646.2,2026
Burramine South,Moira,5646.2,2026
Burrowye,Towong,2916.0,2026
Burrumbeet,Ballarat,9015.2,2026
Burwood,Whitehorse,4862.5,2026
Burwood East,Whitehorse,4862.5,2026
Bushfield,Warrnambool,6984.3,2026
Bushy Park,Wellington,8830.1,2026
Buxton,Murrindindi,3633.5,2026
Byaduk,Southern Grampians,5733.6,2026
Byaduk North,Southern Grampians,5733.6,2026
Byawatha,Wangaratta,6607.9,2026
Bylands,Mitchell,5822.7,2026
Byrneside,Greater Shepparton,10207.9,2026
Cabarita,Mildura,10269.1,2026
Cabbage Tree,Hepburn,3837.5,2026
Cabbage Tree Creek,East Gippsland,9280.4,2026
Cairnlea,Brimbank,7416.5,2026
Calder Park,Brimbank,7416.5,2026
Caldermeade,Cardinia,4765.6,2026
California Gully,Greater Bendigo,6770.6,2026
Calivil,Loddon,5097.6,2026
Callawadda,Northern Grampians,10712.0,2026
Callignee,Latrobe,12922.8,2026
Calulu,East Gippsland,9280.4,2026
Cambarville,Yarra Ranges,3592.8,2026
Camberwell,Boroondara,4538.2,2026
Cambrian Hill,Golden Plains,2239.8,2026
Campbellfield,Hume,6016.8,2026
Campbells Bridge,Northern Grampians,10712.0,2026
Campbells Creek,Mount Alexander,4533.3,2026
Campbelltown,Hepburn,3837.5,2026
Camperdown,Corangamite,4833.3,2026
Canadian,Ballarat,9015.2,2026
Caniambo,Greater Shepparton,10207.9,2026
Cann River,East Gippsland,9280.4,2026
Cannons Creek,Casey,5401.8,2026
Cannum,Yarriambiack,5410.1,2026
Canterbury,Boroondara,4538.2,2026
Cape Bridgewater,Glenelg,8421.2,2026
Cape Clear,Golden Plains,2239.8,2026
Cape Conran,East Gippsland,9280.4,2026
Cape Otway,Colac-Otway,6280.6,2026
Cape Paterson,Bass Coast,5418.5,2026
Cape Schanck,Mornington Peninsula,4912.5,2026
Cape Woolamai,Bass Coast,5418.5,2026
Capel Sound,Mornington Peninsula,4912.5,2026
Capels Crossing,Gannawarra,5253.0,2026
Carag Carag,Campaspe,7598.2,2026
Caramut,Moyne,2907.2,2026
Carapooee,Northern Grampians,10712.0,2026
Carapooee West,Northern Grampians,10712.0,2026
Carboor,Wangaratta,6607.9,2026
Cardigan,Ballarat,9015.2,2026
Cardigan Village,Ballarat,9015.2,2026
Cardinia,Cardinia,4765.6,2026
Cardross,Mildura,10269.1,2026
Cargerie,Moorabool,5893.8,2026
Carina,Mildura,10269.1,2026
Carisbrook,Central Goldfields,7043.9,2026
Carlisle River,Colac-Otway,6280.6,2026
Carlsruhe,Macedon Ranges,3627.9,2026
Carlton,Melbourne,17110.1,2026
Carlton North,Yarra,12312.1,2026
Carlyle,Indigo,2491.5,2026
Carnegie,Glen Eira,3731.3,2026
Carngham,Pyrenees,5046.6,2026
Caroline Springs,Melton,4848.3,2026
Carpendeit,Corangamite,4833.3,2026
Carrajung,Wellington,8830.1,2026
Carrajung Lower,Wellington,8830.1,2026
Carrajung South,Wellington,8830.1,2026
Carranballac,Pyrenees,5046.6,2026
Carrum,Kingston,5525.1,2026
Carrum Downs,Frankston,8698.8,2026
Carwarp,Mildura,10269.1,2026
Cashmore,Glenelg,8421.2,2026
Castella,Murrindindi,3633.5,2026
Casterton,Glenelg,8421.2,2026
Castle Donnington,Swan Hill,7462.2,2026
Castlemaine,Mount Alexander,4533.3,2026
Catani,Cardinia,4765.6,2026
Cathcart,Ararat,9340.4,2026
Cathkin,Murrindindi,3633.5,2026
Caulfield,Glen Eira,3731.3,2026
Caulfield East,Glen Eira,3731.3,2026
Caulfield North,Glen Eira,3731.3,2026
Caulfield South,Glen Eira,3731.3,2026
Caveat,Murrindindi,3633.5,2026
Cavendish,Southern Grampians,5733.6,2026
Ceres,Greater Geelong,6272.9,2026
Chadstone,Monash,5516.2,2026
Chapel Flat,Ballarat,9015.2,2026
Chapple Vale,Colac-Otway,6280.6,2026
Charlemont,Greater Geelong,6272.9,2026
Charlton,Buloke,4154.6,2026
Chelsea,Kingston,5525.1,2026
Chelsea Heights,Kingston,5525.1,2026
Cheltenham,Kingston,5525.1,2026
Chepstowe,Pyrenees,5046.6,2026
Cheshunt,Wangaratta,6607.9,2026
Cheshunt South,Wangaratta,6607.9,2026
Chesney Vale,Benalla,7590.1,2026
Chetwynd,West Wimmera,4284.3,2026
Chewton,Mount Alexander,4533.3,2026
Chewton Bushlands,Mount Alexander,4533.3,2026
Childers,Baw Baw,5740.2,2026
Chiltern,Indigo,2491.5,2026
Chiltern Valley,Indigo,2491.5,2026
Chinangin,Swan Hill,7462.2,2026
Chintin,Macedon Ranges,3627.9,2026
Chirnside Park,Yarra Ranges,3592.8,2026
Chocolyn,Corangamite,4833.3,2026
Christmas Hills,Nillumbik,2654.9,2026
Chum Creek,Yarra Ranges,3592.8,2026
Churchill,Latrobe,12922.8,2026
Churchill Island,Bass Coast,5418.5,2026
Clarendon,Moorabool,5893.8,2026
Claretown,Moorabool,5893.8,2026
Clarinda,Kingston,5525.1,2026
Clarkefield,Macedon Ranges,3627.9,2026
Clarkes Hill,Moorabool,5893.8,2026
Clayton,Monash,5516.2,2026
Clayton South,Kingston,5525.1,2026
Clear Lake,Horsham,8829.9,2026
Clematis,Cardinia,4765.6,2026
Clifton Creek,East Gippsland,9280.4,2026
Clifton Hill,Yarra,12312.1,2026
Clifton Springs,Greater Geelong,6272.9,2026
Clonbinane,Mitchell,5822.7,2026
Cloverlea,Baw Baw,5740.2,2026
Club Terrace,East Gippsland,9280.4,2026
Clunes,Hepburn,3837.5,2026
Clyde,Casey,5401.8,2026
Clyde North,Casey,5401.8,2026
Clydebank,Wellington,8830.1,2026
Clydesdale,Hepburn,3837.5,2026
Coalville,Baw Baw,5740.2,2026
Cobains,Wellington,8830.1,2026
Cobaw,Macedon Ranges,3627.9,2026
Cobberas,East Gippsland,9280.4,2026
Cobblebank,Melton,4848.3,2026
Cobden,Corangamite,4833.3,2026
Cobram,Moira,5646.2,2026
Cobram East,Moira,5646.2,2026
Cobrico,Corangamite,4833.3,2026
Cobungra,East Gippsland,9280.4,2026
Coburg,Merri-bek,5879.2,2026
Coburg North,Merri-bek,5879.2,2026
Cochranes Creek,Loddon,5097.6,2026
Cockatoo,Cardinia,4765.6,2026
Cocoroc,Wyndham,5183.8,2026
Codrington,Moyne,2907.2,2026
Coghills Creek,Ballarat,9015.2,2026
Cohuna,Gannawarra,5253.0,2026
Coimadai,Moorabool,5893.8,2026
Colac,Colac-Otway,6280.6,2026
Colac East,Colac-Otway,6280.6,2026
Colac West,Colac-Otway,6280.6,2026
Colbinabbin,Campaspe,7598.2,2026
Coldstream,Yarra Ranges,3592.8,2026
Coleraine,Southern Grampians,5733.6,2026
Colignan,Mildura,10269.1,2026
Collingwood,Yarra,12312.1,2026
Combienbar,East Gippsland,9280.4,2026
Concongella,Northern Grampians,10712.0,2026
Condah,Glenelg,8421.2,2026
Congupna,Greater Shepparton,10207.9,2026
Connewarre,Greater Geelong,6272.9,2026
Connewirricoo,West Wimmera,4284.3,2026
Coojar,Southern Grampians,5733.6,2026
Coolaroo,Hume,6016.8,2026
Cooma,Greater Shepparton,10207.9,2026
Coomboona,Greater Shepparton,10207.9,2026
Coomoora,Hepburn,3837.5,2026
Coongulla,Wellington,8830.1,2026
Coonooer Bridge,Buloke,4154.6,2026
Cooriemungle,Corangamite,4833.3,2026
Cope Cope,Northern Grampians,10712.0,2026
Cora Lynn,Cardinia,4765.6,2026
Coragulac,Colac-Otway,6280.6,2026
Coral Bank,Alpine,2607.1,2026
Corindhap,Golden Plains,2239.8,2026
Corinella,Bass Coast,5418.5,2026
Corio,Greater Geelong,6272.9,2026
Cornishtown,Indigo,2491.5,2026
Coronet Bay,Bass Coast,5418.5,2026
Corop,Campaspe,7598.2,2026
Cororooke,Colac-Otway,6280.6,2026
Corringle,East Gippsland,9280.4,2026
Corryong,Towong,2916.0,2026
Cosgrove,Greater Shepparton,10207.9,2026
Cosgrove South,Greater Shepparton,10207.9,2026
Cottles Bridge,Nillumbik,2654.9,2026
Cowangie,Mildura,10269.1,2026
Cowes,Bass Coast,5418.5,2026
Cowwarr,Wellington,8830.1,2026
Craigie,Central Goldfields,7043.9,2026
Craigieburn,Hume,6016.8,2026
Cranbourne,Casey,5401.8,2026
Cranbourne East,Casey,5401.8,2026
Cranbourne North,Casey,5401.8,2026
Cranbourne South,Casey,5401.8,2026
Cranbourne West,Casey,5401.8,2026
Creek Junction,Benalla,7590.1,2026
Creek View,Campaspe,7598.2,2026
Creightons Creek,Strathbogie,3835.6,2026
Cremorne,Yarra,12312.1,2026
Cressy,Colac-Otway,6280.6,2026
Creswick,Hepburn,3837.5,2026
Crib Point,Mornington Peninsula,4912.5,2026
Crooked River,Wellington,8830.1,2026
Cross Roads,Pyrenees,5046.6,2026
Crossley,Moyne,2907.2,2026
Crossover,Baw Baw,5740.2,2026
Crowlands,Ararat,9340.4,2026
Croxton East,Southern Grampians,5733.6,2026
Croydon,Maroondah,5648.5,2026
Croydon Hills,Maroondah,5648.5,2026
Croydon North,Maroondah,5648.5,2026
Croydon South,Maroondah,5648.5,2026
Crymelon,Yarriambiack,5410.1,2026
Cudgee,Moyne,2907.2,2026
Cudgewa,Towong,2916.0,2026
Culgoa,Buloke,4154.6,2026
Cullulleraine,Mildura,10269.1,2026
Curlewis,Greater Geelong,6272.9,2026
Dadswells Bridge,Horsham,8829.9,2026
Daisy Hill,Central Goldfields,7043.9,2026
Dales Creek,Moorabool,5893.8,2026
Dallas,Hume,6016.8,2026
Dalmore,Cardinia,4765.6,2026
Dalyston,Bass Coast,5418.5,2026
Dandenong,Greater Dandenong,10051.0,2026
Dandenong North,Greater Dandenong,10051.0,2026
Dandenong South,Greater Dandenong,10051.0,2026
Dargo,Wellington,8830.1,2026
Darley,Moorabool,5893.8,2026
Darlimurla,South Gippsland,5201.7,2026
Darlington,Corangamite,4833.3,2026
Darnum,Baw Baw,5740.2,2026
Darraweit Guim,Macedon Ranges,3627.9,2026
Darriman,Wellington,8830.1,2026
Dartmoor,Glenelg,8421.2,2026
Dartmouth,Towong,2916.0,2026
Dawson,Wellington,8830.1,2026
Daylesford,Hepburn,3837.5,2026
Dean,Hepburn,3837.5,2026
Deans Marsh,Surf Coast,2453.9,2026
Deanside,Melton,4848.3,2026
Deddick Valley,East Gippsland,9280.4,2026
Dederang,Alpine,2607.1,2026
Deep Lead,Northern Grampians,10712.0,2026
Deepdene,Boroondara,4538.2,2026
Deer Park,Brimbank,7416.5,2026
Delacombe,Ballarat,9015.2,2026
Delahey,Brimbank,7416.5,2026
Delburn,South Gippsland,5201.7,2026
Delegate River,East Gippsland,9280.4,2026
Denicull Creek,Ararat,9340.4,2026
Denison,Wellington,8830.1,2026
Dennington,Warrnambool,6984.3,2026
Denver,Hepburn,3837.5,2026
Deptford,East Gippsland,9280.4,2026
Derby,Loddon,5097.6,2026
Dereel,Golden Plains,2239.8,2026
Dergholm,West Wimmera,4284.3,2026
Derrimut,Brimbank,7416.5,2026
Derrinal,Greater Bendigo,6770.6,2026
Derrinallum,Corangamite,4833.3,2026
Devenish,Benalla,7590.1,2026
Devils River,Murrindindi,3633.5,2026
Devon Meadows,Casey,5401.8,2026
Devon North,Wellington,8830.1,2026
Dewhurst,Cardinia,4765.6,2026
Dhurringile,Greater Shepparton,10207.9,2026
Diamond Creek,Nillumbik,2654.9,2026
Digby,Glenelg,8421.2,2026
Diggers Rest,Melton,4848.3,2026
Diggora,Campaspe,7598.2,2026
Dimboola,Hindmarsh,4837.7,2026
Dingee,Loddon,5097.6,2026
Dingley Village,Kingston,5525.1,2026
Dinner Plain,Alpine,2607.1,2026
Dixons Creek,Yarra Ranges,3592.8,2026
Dobie,Ararat,9340.4,2026
Docker,Wangaratta,6607.9,2026
Dockers Plains,Wangaratta,6607.9,2026
Docklands,Melbourne,17110.1,2026
Doctors Flat,East Gippsland,9280.4,2026
Dollar,South Gippsland,5201.7,2026
Don Valley,Yarra Ranges,3592.8,2026
Donald,Buloke,4154.6,2026
Doncaster,Manningham,3083.0,2026
Doncaster East,Manningham,3083.0,2026
Donnybrook,Whittlesea,4992.9,2026
Donvale,Manningham,3083.0,2026
Dooboobetic,Buloke,4154.6,2026
Dooen,Horsham,8829.9,2026
Dookie,Greater Shepparton,10207.9,2026
Doreen,Whittlesea,4992.9,2026
Dorodong,West Wimmera,4284.3,2026
Douglas,West Wimmera,4284.3,2026
Doveton,Casey,5401.8,2026
Dreeite,Colac-Otway,6280.6,2026
Dreeite South,Colac-Otway,6280.6,2026
Driffield,Latrobe,12922.8,2026
Drik Drik,Glenelg,8421.2,2026
Dromana,Mornington Peninsula,4912.5,2026
Drouin,Baw Baw,5740.2,2026
Drouin East,Baw Baw,5740.2,2026
Drouin South,Baw Baw,5740.2,2026
Drouin West,Baw Baw,5740.2,2026
Drumanure,Moira,5646.2,2026
Drumborg,Glenelg,8421.2,2026
Drumcondra,Greater Geelong,6272.9,2026
Drummartin,Greater Bendigo,6770.6,2026
Drummond,Hepburn,3837.5,2026
Drummond North,Hepburn,3837.5,2026
Drung,Horsham,8829.9,2026
Dry Diggings,Hepburn,3837.5,2026
Drysdale,Greater Geelong,6272.9,2026
Dumbalk,South Gippsland,5201.7,2026
Dumbalk North,South Gippsland,5201.7,2026
Dumosa,Buloke,4154.6,2026
Dunach,Central Goldfields,7043.9,2026
Dunkeld,Southern Grampians,5733.6,2026
Dunnstown,Moorabool,5893.8,2026
Dunolly,Central Goldfields,7043.9,2026
Durham Lead,Ballarat,9015.2,2026
Durham Ox,Loddon,5097.6,2026
Dutson,Wellington,8830.1,2026
Dutson Downs,Wellington,8830.1,2026
Dutton Way,Glenelg,8421.2,2026
Duverney,Corangamite,4833.3,2026
Eagle Point,East Gippsland,9280.4,2026
Eaglehawk,Greater Bendigo,6770.6,2026
Eaglehawk North,Greater Bendigo,6770.6,2026
Eaglemont,Banyule,5777.9,2026
Earlston,Strathbogie,3835.6,2026
East Bairnsdale,East Gippsland,9280.4,2026
East Bendigo,Greater Bendigo,6770.6,2026
East Geelong,Greater Geelong,6272.9,2026
East Melbourne,Melbourne,17110.1,2026
East Sale,Wellington,8830.1,2026
East Wangaratta,Wangaratta,6607.9,2026
East Warburton,Yarra Ranges,3592.8,2026
Eastern View,Surf Coast,2453.9,2026
Eastwood,East Gippsland,9280.4,2026
Ebden,Wodonga,7160.6,2026
Echuca,Campaspe,7598.2,2026
Echuca Village,Campaspe,7598.2,2026
Echuca West,Campaspe,7598.2,2026
Ecklin South,Corangamite,4833.3,2026
Eddington,Central Goldfields,7043.9,2026
Eden Park,Whittlesea,4992.9,2026
Edenhope,West Wimmera,4284.3,2026
Edgecombe,Macedon Ranges,3627.9,2026
Edi,Wangaratta,6607.9,2026
Edithvale,Kingston,5525.1,2026
Eganstown,Hepburn,3837.5,2026
Eildon,Murrindindi,3633.5,2026
Elaine,Moorabool,5893.8,2026
Eldorado,Wangaratta,6607.9,2026
Elingamite North,Corangamite,4833.3,2026
Ellaswood,East Gippsland,9280.4,2026
Ellerslie,Moyne,2907.2,2026
Elliminyt,Colac-Otway,6280.6,2026
Ellinbank,Baw Baw,5740.2,2026
Elmhurst,Ararat,9340.4,2026
Elmore,Greater Bendigo,6770.6,2026
Elphinstone,Mount Alexander,4533.3,2026
Elsternwick,Glen Eira,3731.3,2026
Eltham,Nillumbik,2654.9,2026
Eltham North,Nillumbik,2654.9,2026
Elwood,Port Phillip,10986.9,2026
Emerald,Cardinia,4765.6,2026
Emu,Northern Grampians,10712.0,2026
Emu Creek,Greater Bendigo,6770.6,2026
Endeavour Hills,Casey,5401.8,2026
Enfield,Golden Plains,2239.8,2026
Enochs Point,Mansfield,2650.7,2026
Ensay,East Gippsland,9280.4,2026
Eppalock,Greater Bendigo,6770.6,2026
Epping,Whittlesea,4992.9,2026
Epsom,Greater Bendigo,6770.6,2026
Ercildoune,Pyrenees,5046.6,2026
Erica,Baw Baw,5740.2,2026
Eskdale,Towong,2916.0,2026
Esmond,Moira,5646.2,2026
Essendon,Moonee Valley,6224.3,2026
Essendon Fields,Moonee Valley,6224.3,2026
Essendon North,Moonee Valley,6224.3,2026
Essendon West,Moonee Valley,6224.3,2026
Eumemmerring,Casey,5401.8,2026
Eureka,Ballarat,9015.2,2026
Euroa,Strathbogie,3835.6,2026
Eurobin,Alpine,2607.1,2026
Everton,Wangaratta,6607.9,2026
Everton Upper,Wangaratta,6607.9,2026
Exford,Melton,4848.3,2026
Eynesbury,Melton,4848.3,2026
Fairbank,South Gippsland,5201.7,2026
Fairfield,Darebin,8083.0,2026
Fairhaven,Surf Coast,2453.9,2026
Fairy Dell,East Gippsland,9280.4,2026
Faraday,Mount Alexander,4533.3,2026
Fawcett,Murrindindi,3633.5,2026
Fawkner,Merri-bek,5879.2,2026
Fentons Creek,Loddon,5097.6,2026
Ferguson,Colac-Otway,6280.6,2026
Fern Hill,Macedon Ranges,3627.9,2026
Fernbank,East Gippsland,9280.4,2026
Ferndale,Baw Baw,5740.2,2026
Ferntree Gully,Knox,4791.8,2026
Ferny Creek,Yarra Ranges,3592.8,2026
Fiery Flat,Loddon,5097.6,2026
Fingal,Mornington Peninsula,4912.5,2026
Fish Creek,South Gippsland,5201.7,2026
Fiskville,Moorabool,5893.8,2026
Fitzroy,Yarra,12312.1,2026
Fitzroy North,Yarra,12312.1,2026
Flaggy Creek,East Gippsland,9280.4,2026
Flagstaff,Central Goldfields,7043.9,2026
Flamingo Beach,Wellington,8830.1,2026
Flemington,Moonee Valley,6224.3,2026
Flinders,Mornington Peninsula,4912.5,2026
Flora Hill,Greater Bendigo,6770.6,2026
Flowerdale,Murrindindi,3633.5,2026
Flynn,Latrobe,12922.8,2026
Footscray,Maribyrnong,10380.7,2026
Forbes,Mitchell,5822.7,2026
Forest Hill,Whitehorse,4862.5,2026
Forge Creek,East Gippsland,9280.4,2026
Forrest,Colac-Otway,6280.6,2026
Foster,South Gippsland,5201.7,2026
Foster North,South Gippsland,5201.7,2026
Foxhow,Corangamite,4833.3,2026
Framlingham,Moyne,2907.2,2026
Franklinford,Hepburn,3837.5,2026
Frankston,Frankston,8698.8,2026
Frankston North,Frankston,8698.8,2026
Frankston South,Frankston,8698.8,2026
Fraser Rise,Melton,4848.3,2026
Freeburgh,Alpine,2607.1,2026
Frenchmans,Pyrenees,5046.6,2026
Freshwater Creek,Surf Coast,2453.9,2026
Fryerstown,Mount Alexander,4533.3,2026
Fulham,Wellington,8830.1,2026
Fumina,Baw Baw,5740.2,2026
Fyans Creek,Northern Grampians,10712.0,2026
Fyansford,Greater Geelong,6272.9,2026
Gaffneys Creek,Mansfield,2650.7,2026
Gainsborough,Baw Baw,5740.2,2026
Gannawarra,Gannawarra,5253.0,2026
Gapsted,Alpine,2607.1,2026
Gardenvale,Glen Eira,3731.3,2026
Garfield,Cardinia,4765.6,2026
Garfield North,Cardinia,4765.6,2026
Garibaldi,Golden Plains,2239.8,2026
Garvoc,Moyne,2907.2,2026
Gateway Island,Wodonga,7160.6,2026
Gazette,Southern Grampians,5733.6,2026
Geelong,Greater Geelong,6272.9,2026
Geelong West,Greater Geelong,6272.9,2026
Gelantipy,East Gippsland,9280.4,2026
Gellibrand,Colac-Otway,6280.6,2026
Gelliondale,Wellington,8830.1,2026
Gembrook,Cardinia,4765.6,2026
Genoa,East Gippsland,9280.4,2026
Gentle Annie,Baw Baw,5740.2,2026
Gerang Gerung,Hindmarsh,4837.7,2026
Germania,Northern Grampians,10712.0,2026
Gherang,Surf Coast,2453.9,2026
Gheringhap,Golden Plains,2239.8,2026
Ghin Ghin,Murrindindi,3633.5,2026
Giffard,Wellington,8830.1,2026
Giffard West,Wellington,8830.1,2026
Gil Gil,Buloke,4154.6,2026
Gillieston,Greater Shepparton,10207.9,2026
Girgarre,Campaspe,7598.2,2026
Girgarre East,Greater Shepparton,10207.9,2026
Gisborne,Macedon Ranges,3627.9,2026
Gisborne South,Macedon Ranges,3627.9,2026
Gladstone Park,Hume,6016.8,2026
Gladysdale,Yarra Ranges,3592.8,2026
Glen Alvie,Bass Coast,5418.5,2026
Glen Forbes,Bass Coast,5418.5,2026
Glen Huntly,Glen Eira,3731.3,2026
Glen Iris,Boroondara,4538.2,2026
Glen Park,Ballarat,9015.2,2026
Glen Valley,East Gippsland,9280.4,2026
Glen Waverley,Monash,5516.2,2026
Glen Wills,East Gippsland,9280.4,2026
Glenaire,Colac-Otway,6280.6,2026
Glenaladale,East Gippsland,9280.4,2026
Glenalbyn,Loddon,5097.6,2026
Glenaroua,Mitchell,5822.7,2026
Glenbrae,Pyrenees,5046.6,2026
Glenburn,Murrindindi,3633.5,2026
Glendaruel,Ballarat,9015.2,2026
Glengarry,Latrobe,12922.8,2026
Glengarry North,Latrobe,12922.8,2026
Glengarry West,Latrobe,12922.8,2026
Glenhope,Mitchell,5822.7,2026
Glenhope East,Mitchell,5822.7,2026
Glenlee,Hindmarsh,4837.7,2026
Glenlogie,Pyrenees,5046.6,2026
Glenloth,Buloke,4154.6,2026
Glenloth East,Buloke,4154.6,2026
Glenluce,Mount Alexander,4533.3,2026
Glenlyon,Hepburn,3837.5,2026
Glenmaggie,Wellington,8830.1,2026
Glenmore,Moorabool,5893.8,2026
Glenorchy,Northern Grampians,10712.0,2026
Glenormiston North,Corangamite,4833.3,2026
Glenormiston South,Corangamite,4833.3,2026
Glenrowan,Wangaratta,6607.9,2026
Glenrowan West,Benalla,7590.1,2026
Glenroy,Merri-bek,5879.2,2026
Glenthompson,Southern Grampians,5733.6,2026
Glomar Beach,Wellington,8830.1,2026
Gnarwarre,Surf Coast,2453.9,2026
Gnotuk,Corangamite,4833.3,2026
Gobur,Murrindindi,3633.5,2026
Golden Beach,Wellington,8830.1,2026
Golden Gully,Greater Bendigo,6770.6,2026
Golden Point,Ballarat,9015.2,2026
Golden Square,Greater Bendigo,6770.6,2026
Goldie,Macedon Ranges,3627.9,2026
Goldsborough,Central Goldfields,7043.9,2026
Gong Gong,Ballarat,9015.2,2026
Goomalibee,Benalla,7590.1,2026
Goon Nure,East Gippsland,9280.4,2026
Goongerah,East Gippsland,9280.4,2026
Gooram,Strathbogie,3835.6,2026
Gooramadda,Indigo,2491.5,2026
Goorambat,Benalla,7590.1,2026
Goornong,Greater Bendigo,6770.6,2026
Gorae,Glenelg,8421.2,2026
Gorae West,Glenelg,8421.2,2026
Gordon,Moorabool,5893.8,2026
Gormandale,Wellington,8830.1,2026
Goroke,West Wimmera,4284.3,2026
Goschen,Swan Hill,7462.2,2026
Goughs Bay,Mansfield,2650.7,2026
Goulburn Weir,Strathbogie,3835.6,2026
Gowanbrae,Merri-bek,5879.2,2026
Gowangardie,Greater Shepparton,10207.9,2026
Gowar East,Northern Grampians,10712.0,2026
Gower,Mount Alexander,4533.3,2026
Grahamvale,Greater Shepparton,10207.9,2026
Grand Ridge,Wellington,8830.1,2026
Grangefields,Melton,4848.3,2026
Granite Rock,East Gippsland,9280.4,2026
Grantville,Bass Coast,5418.5,2026
Granya,Towong,2916.0,2026
Grassdale,Glenelg,8421.2,2026
Grassmere,Moyne,2907.2,2026
Grays Bridge,Northern Grampians,10712.0,2026
Graytown,Strathbogie,3835.6,2026
Gre Gre South,Northern Grampians,10712.0,2026
Great Western,Northern Grampians,10712.0,2026
Green Gully,Mount Alexander,4533.3,2026
Greendale,Moorabool,5893.8,2026
Greenhill,Macedon Ranges,3627.9,2026
Greens Creek,Northern Grampians,10712.0,2026
Greensborough,Banyule,5777.9,2026
Greenvale,Hume,6016.8,2026
Greenwald,Glenelg,8421.2,2026
Grenville,Golden Plains,2239.8,2026
Greta,Wangaratta,6607.9,2026
Greta South,Wangaratta,6607.9,2026
Greta West,Wangaratta,6607.9,2026
Gritjurk,Southern Grampians,5733.6,2026
Grovedale,Greater Geelong,6272.9,2026
Gruyere,Yarra Ranges,3592.8,2026
Guildford,Mount Alexander,4533.3,2026
Gunbower,Campaspe,7598.2,2026
Gundowring,Alpine,2607.1,2026
Guys Forest,Towong,2916.0,2026
Guys Hill,Cardinia,4765.6,2026
Gymbowen,West Wimmera,4284.3,2026
Haddon,Golden Plains,2239.8,2026
Hadfield,Merri-bek,5879.2,2026
Hallam,Casey,5401.8,2026
Hallora,Baw Baw,5740.2,2026
Halls Gap,Northern Grampians,10712.0,2026
Hallston,South Gippsland,5201.7,2026
Hamilton,Southern Grampians,5733.6,2026
Hamlyn Heights,Greater Geelong,6272.9,2026
Hampton,Bayside,3827.2,2026
Hampton East,Bayside,3827.2,2026
Hampton Park,Casey,5401.8,2026
Hansonville,Wangaratta,6607.9,2026
Happy Valley,Swan Hill,7462.2,2026
Harcourt,Mount Alexander,4533.3,2026
Harcourt North,Mount Alexander,4533.3,2026
Harkaway,Casey,5401.8,2026
Harkness,Melton,4848.3,2026
Harmers Haven,Bass Coast,5418.5,2026
Harrietville,Alpine,2607.1,2026
Harrow,West Wimmera,4284.3,2026
Harston,Greater Shepparton,10207.9,2026
Hastings,Mornington Peninsula,4912.5,2026
Hattah,Mildura,10269.1,2026
Havelock,Central Goldfields,7043.9,2026
Haven,Horsham,8829.9,2026
Hawkesdale,Moyne,2907.2,2026
Hawthorn,Boroondara,4538.2,2026
Hawthorn East,Boroondara,4538.2,2026
Hazelwood,Latrobe,12922.8,2026
Hazelwood North,Latrobe,12922.8,2026
Hazelwood South,Latrobe,12922.8,2026
Healesville,Yarra Ranges,3592.8,2026
Heath Hill,Cardinia,4765.6,2026
Heathcote,Greater Bendigo,6770.6,2026
Heathcote Junction,Mitchell,5822.7,2026
Heatherton,Kingston,5525.1,2026
Heathmere,Glenelg,8421.2,2026
Heathmont,Maroondah,5648.5,2026
Hedley,South Gippsland,5201.7,2026
Heidelberg,Banyule,5777.9,2026
Heidelberg Heights,Banyule,5777.9,2026
Heidelberg West,Banyule,5777.9,2026
Hensley Park,Southern Grampians,5733.6,2026
Hepburn,Hepburn,3837.5,2026
Hepburn Springs,Hepburn,3837.5,2026
Herne Hill,Greater Geelong,6272.9,2026
Hernes Oak,Latrobe,12922.8,2026
Hesket,Macedon Ranges,3627.9,2026
Hesse,Golden Plains,2239.8,2026
Hexham,Moyne,2907.2,2026
Heyfield,Wellington,8830.1,2026
Heytesbury Lower,Corangamite,4833.3,2026
Heywood,Glenelg,8421.2,2026
Hiamdale,Wellington,8830.1,2026
Hiawatha,Wellington,8830.1,2026
High Camp,Mitchell,5822.7,2026
Highett,Kingston,5525.1,2026
Highton,Greater Geelong,6272.9,2026
Hilgay,Southern Grampians,5733.6,2026
Hill End,Baw Baw,5740.2,2026
Hillcrest,Pyrenees,5046.6,2026
Hilldene,Mitchell,5822.7,2026
Hillside,Melton,4848.3,2026
Hinnomunjie,East Gippsland,9280.4,2026
Hmas Cerberus,Mornington Peninsula,4912.5,2026
Hoddles Creek,Yarra Ranges,3592.8,2026
Hollands Landing,Wellington,8830.1,2026
Homebush,Pyrenees,5046.6,2026
Homerton,Glenelg,8421.2,2026
Homewood,Murrindindi,3633.5,2026
Hopetoun,Yarriambiack,5410.1,2026
Hopetoun Park,Moorabool,5893.8,2026
Hoppers Crossing,Wyndham,5183.8,2026
Hordern Vale,Colac-Otway,6280.6,2026
Horfield,Gannawarra,5253.0,2026
Horsham,Horsham,8829.9,2026
Hotspur,Glenelg,8421.2,2026
Howes Creek,Mansfield,2650.7,2026
Howqua,Mansfield,2650.7,2026
Howqua Hills,Mansfield,2650.7,2026
Howqua Inlet,Mansfield,2650.7,2026
Hughesdale,Monash,5516.2,2026
Humevale,Whittlesea,4992.9,2026
Huntingdale,Monash,5516.2,2026
Huntly,Greater Bendigo,6770.6,2026
Huntly North,Greater Bendigo,6770.6,2026
Huon,Indigo,2491.5,2026
Huon Creek,Wodonga,7160.6,2026
Hurstbridge,Nillumbik,2654.9,2026
Iguana Creek,East Gippsland,9280.4,2026
Illawarra,Northern Grampians,10712.0,2026
Illowa,Moyne,2907.2,2026
Indented Head,Greater Geelong,6272.9,2026
Indigo Valley,Indigo,2491.5,2026
Inglewood,Loddon,5097.6,2026
Ingliston,Moorabool,5893.8,2026
Invergordon,Moira,5646.2,2026
Inverleigh,Golden Plains,2239.8,2026
Inverloch,Bass Coast,5418.5,2026
Invermay,Ballarat,9015.2,2026
Invermay Park,Ballarat,9015.2,2026
Iona,Cardinia,4765.6,2026
Iraak,Mildura,10269.1,2026
Ironbark,Greater Bendigo,6770.6,2026
Irrewarra,Colac-Otway,6280.6,2026
Irrewillipe,Colac-Otway,6280.6,2026
Irymple,Mildura,10269.1,2026
Ivanhoe,Banyule,5777.9,2026
Ivanhoe East,Banyule,5777.9,2026
Jacana,Hume,6016.8,2026
Jack River,Wellington,8830.1,2026
Jackass Flat,Greater Bendigo,6770.6,2026
Jam Jerrup,Bass Coast,5418.5,2026
Jamieson,Mansfield,2650.7,2026
Jan Juc,Surf Coast,2453.9,2026
Jancourt,Corangamite,4833.3,2026
Jancourt East,Corangamite,4833.3,2026
Jarklin,Loddon,5097.6,2026
Jarrahmond,East Gippsland,9280.4,2026
Jeeralang,Latrobe,12922.8,2026
Jeeralang Junction,Latrobe,12922.8,2026
Jeetho,South Gippsland,5201.7,2026
Jeparit,Hindmarsh,4837.7,2026
Jil Jil,Buloke,4154.6,2026
Jindivick,Baw Baw,5740.2,2026
Joel Joel,Northern Grampians,10712.0,2026
Joel South,Northern Grampians,10712.0,2026
Johanna,Colac-Otway,6280.6,2026
Johnsonville,East Gippsland,9280.4,2026
Joyces Creek,Mount Alexander,4533.3,2026
Jumbunna,South Gippsland,5201.7,2026
Junction Village,Casey,5401.8,2026
Jungaburra,Loddon,5097.6,2026
Junortoun,Greater Bendigo,6770.6,2026
Kaarimba,Moira,5646.2,2026
Kadnook,West Wimmera,4284.3,2026
Kalimna,East Gippsland,9280.4,2026
Kalimna West,East Gippsland,9280.4,2026
Kalkallo,Hume,6016.8,2026
Kalkee,Horsham,8829.9,2026
Kallista,Yarra Ranges,3592.8,2026
Kalorama,Yarra Ranges,3592.8,2026
Kamarooka,Greater Bendigo,6770.6,2026
Kangaroo Flat,Greater Bendigo,6770.6,2026
Kangaroo Ground,Nillumbik,2654.9,2026
Kaniva,West Wimmera,4284.3,2026
Kanumbra,Murrindindi,3633.5,2026
Kanyapella,Campaspe,7598.2,2026
Kardella,South Gippsland,5201.7,2026
Kardella South,South Gippsland,5201.7,2026
Kariah,Corangamite,4833.3,2026
Karramomus,Greater Shepparton,10207.9,2026
Katamatite,Moira,5646.2,2026
Katamatite East,Moira,5646.2,2026
Katandra,Greater Shepparton,10207.9,2026
Katandra West,Greater Shepparton,10207.9,2026
Katunga,Moira,5646.2,2026
Kawarren,Colac-Otway,6280.6,2026
Kealba,Brimbank,7416.5,2026
Keely,Gannawarra,5253.0,2026
Keilor,Brimbank,7416.5,2026
Keilor Downs,Brimbank,7416.5,2026
Keilor East,Moonee Valley,6224.3,2026
Keilor Lodge,Brimbank,7416.5,2026
Keilor North,Brimbank,7416.5,2026
Keilor Park,Brimbank,7416.5,2026
Kennedys Creek,Corangamite,4833.3,2026
Kennett River,Colac-Otway,6280.6,2026
Kennington,Greater Bendigo,6770.6,2026
Kensington,Melbourne,17110.1,2026
Kerang,Gannawarra,5253.0,2026
Kerang East,Gannawarra,5253.0,2026
Kergunyah,Indigo,2491.5,2026
Kergunyah South,Alpine,2607.1,2026
Kernot,Bass Coast,5418.5,2026
Kerrisdale,Murrindindi,3633.5,2026
Kevington,Mansfield,2650.7,2026
Kew,Boroondara,4538.2,2026
Kew East,Boroondara,4538.2,2026
Kewell,Yarriambiack,5410.1,2026
Keysborough,Greater Dandenong,10051.0,2026
Kialla,Greater Shepparton,10207.9,2026
Kialla East,Greater Shepparton,10207.9,2026
Kialla West,Greater Shepparton,10207.9,2026
Kiata,Hindmarsh,4837.7,2026
Kiewa,Indigo,2491.5,2026
Kilcunda,Bass Coast,5418.5,2026
Killara,Wodonga,7160.6,2026
Killarney,Moyne,2907.2,2026
Killawarra,Wangaratta,6607.9,2026
Killingworth,Murrindindi,3633.5,2026
Kilmany,Wellington,8830.1,2026
Kilmore,Mitchell,5822.7,2026
Kilmore East,Mitchell,5822.7,2026
Kilsyth,Yarra Ranges,3592.8,2026
Kilsyth South,Maroondah,5648.5,2026
Kimbolton,Greater Bendigo,6770.6,2026
King Valley,Wangaratta,6607.9,2026
Kinglake,Murrindindi,3633.5,2026
Kinglake Central,Murrindindi,3633.5,2026
Kinglake West,Murrindindi,3633.5,2026
Kings Park,Brimbank,7416.5,2026
Kingsbury,Darebin,8083.0,2026
Kingston,Hepburn,3837.5,2026
Kingsville,Maribyrnong,10380.7,2026
Kinnabulla,Buloke,4154.6,2026
Kirkstall,Moyne,2907.2,2026
Kirwans Bridge,Strathbogie,3835.6,2026
Knowsley,Greater Bendigo,6770.6,2026
Knoxfield,Knox,4791.8,2026
Koallah,Corangamite,4833.3,2026
Kolora,Corangamite,4833.3,2026
Kongwak,South Gippsland,5201.7,2026
Konongwootong,Southern Grampians,5733.6,2026
Koo Wee Rup,Cardinia,4765.6,2026
Koondrook,Gannawarra,5253.0,2026
Koonoomoo,Moira,5646.2,2026
Koonwarra,South Gippsland,5201.7,2026
Kooreh,Northern Grampians,10712.0,2026
Koorlong,Mildura,10269.1,2026
Koornalla,Latrobe,12922.8,2026
Koorooman,South Gippsland,5201.7,2026
Kooyong,Stonnington,9271.4,2026
Koriella,Murrindindi,3633.5,2026
Koroit,Moyne,2907.2,2026
Korong Vale,Loddon,5097.6,2026
Koroop,Gannawarra,5253.0,2026
Korumburra,South Gippsland,5201.7,2026
Korumburra South,South Gippsland,5201.7,2026
Korweinguboora,Moorabool,5893.8,2026
Kotta,Campaspe,7598.2,2026
Kotupna,Moira,5646.2,2026
Koyuga,Campaspe,7598.2,2026
Krowera,Bass Coast,5418.5,2026
Kulwin,Mildura,10269.1,2026
Kunat,Swan Hill,7462.2,2026
Kurraca,Loddon,5097.6,2026
Kurting,Loddon,5097.6,2026
Kurunjang,Melton,4848.3,2026
Kyabram,Campaspe,7598.2,2026
Kyabram South,Greater Shepparton,10207.9,2026
Kyneton,Macedon Ranges,3627.9,2026
Kyneton South,Macedon Ranges,3627.9,2026
Kyvalley,Campaspe,7598.2,2026
Laanecoorie,Loddon,5097.6,2026
Laang,Moyne,2907.2,2026
Labertouche,Baw Baw,5740.2,2026
Laceby,Wangaratta,6607.9,2026
Ladys Pass,Greater Bendigo,6770.6,2026
Laen East,Buloke,4154.6,2026
Laen North,Buloke,4154.6,2026
Lah,Yarriambiack,5410.1,2026
Laharum,Horsham,8829.9,2026
Lake Boga,Swan Hill,7462.2,2026
Lake Bolac,Ararat,9340.4,2026
Lake Bunga,East Gippsland,9280.4,2026
Lake Charm,Gannawarra,5253.0,2026
Lake Eildon,Mansfield,2650.7,2026
Lake Fyans,Northern Grampians,10712.0,2026
Lake Gardens,Ballarat,9015.2,2026
Lake Goldsmith,Pyrenees,5046.6,2026
Lake Lonsdale,Northern Grampians,10712.0,2026
Lake Mundi,Glenelg,8421.2,2026
Lake Powell,Swan Hill,7462.2,2026
Lake Tyers,East Gippsland,9280.4,2026
Lake Tyers Beach,East Gippsland,9280.4,2026
Lake Wendouree,Ballarat,9015.2,2026
Lakes Entrance,East Gippsland,9280.4,2026
Lal Lal,Moorabool,5893.8,2026
Lalbert,Gannawarra,5253.0,2026
Lalor,Whittlesea,4992.9,2026
Lamplough,Pyrenees,5046.6,2026
Lancaster,Campaspe,7598.2,2026
Lance Creek,Bass Coast,5418.5,2026
Lancefield,Macedon Ranges,3627.9,2026
Landsborough,Pyrenees,5046.6,2026
Landsborough West,Northern Grampians,10712.0,2026
Lang Lang,Cardinia,4765.6,2026
Lang Lang East,Cardinia,4765.6,2026
Langi Kal Kal,Pyrenees,5046.6,2026
Langi Logan,Ararat,9340.4,2026
Langley,Mount Alexander,4533.3,2026
Langsborough,Wellington,8830.1,2026
Langwarrin,Frankston,8698.8,2026
Langwarrin South,Frankston,8698.8,2026
Lara,Greater Geelong,6272.9,2026
Lardner,Baw Baw,5740.2,2026
Larpent,Colac-Otway,6280.6,2026
Lascelles,Yarriambiack,5410.1,2026
Launching Place,Yarra Ranges,3592.8,2026
Lauriston,Macedon Ranges,3627.9,2026
Lavers Hill,Colac-Otway,6280.6,2026
Laverton,Hobsons Bay,6352.1,2026
Laverton North,Wyndham,5183.8,2026
Lawloit,West Wimmera,4284.3,2026
Leaghur,Loddon,5097.6,2026
Learmonth,Ballarat,9015.2,2026
Ledcourt,Northern Grampians,10712.0,2026
Leichardt,Greater Bendigo,6770.6,2026
Leigh Creek,Moorabool,5893.8,2026
Leitchville,Gannawarra,5253.0,2026
Lemnos,Greater Shepparton,10207.9,2026
Leneva,Wodonga,7160.6,2026
Leonards Hill,Hepburn,3837.5,2026
Leongatha,South Gippsland,5201.7,2026
Leongatha North,South Gippsland,5201.7,2026
Leongatha South,South Gippsland,5201.7,2026
Leopold,Greater Geelong,6272.9,2026
Lerderderg,Moorabool,5893.8,2026
Leslie Manor,Corangamite,4833.3,2026
Lethbridge,Golden Plains,2239.8,2026
Lexton,Pyrenees,5046.6,2026
Licola,Wellington,8830.1,2026
Lillico,Baw Baw,5740.2,2026
Lillicur,Central Goldfields,7043.9,2026
Lillimur,West Wimmera,4284.3,2026
Lilliput,Indigo,2491.5,2026
Lilydale,Yarra Ranges,3592.8,2026
Lima East,Benalla,7590.1,2026
Lima South,Benalla,7590.1,2026
Limestone,Murrindindi,3633.5,2026
Lindenow,East Gippsland,9280.4,2026
Lindenow South,East Gippsland,9280.4,2026
Lindsay Point,Mildura,10269.1,2026
Linton,Golden Plains,2239.8,2026
Liparoo,Swan Hill,7462.2,2026
Lismore,Corangamite,4833.3,2026
Litchfield,Buloke,4154.6,2026
Little Hampton,Hepburn,3837.5,2026
Little River,Wyndham,5183.8,2026
Llanelly,Loddon,5097.6,2026
Llowalong,Wellington,8830.1,2026
Loch,South Gippsland,5201.7,2026
Loch Sport,Wellington,8830.1,2026
Loch Valley,Baw Baw,5740.2,2026
Lockington,Campaspe,7598.2,2026
Locksley,Strathbogie,3835.6,2026
Lockwood,Greater Bendigo,6770.6,2026
Lockwood South,Greater Bendigo,6770.6,2026
Loddon Vale,Loddon,5097.6,2026
Logan,Loddon,5097.6,2026
Londrigan,Wangaratta,6607.9,2026
Long Forest,Moorabool,5893.8,2026
Long Gully,Greater Bendigo,6770.6,2026
Longerenong,Horsham,8829.9,2026
Longford,Wellington,8830.1,2026
Longlea,Greater Bendigo,6770.6,2026
Longwarry,Baw Baw,5740.2,2026
Longwarry North,Baw Baw,5740.2,2026
Longwood,Strathbogie,3835.6,2026
Longwood East,Strathbogie,3835.6,2026
Lorne,Surf Coast,2453.9,2026
Lovely Banks,Greater Geelong,6272.9,2026
Lower Moira,Moira,5646.2,2026
Lower Norton,Horsham,8829.9,2026
Lower Plenty,Banyule,5777.9,2026
Loy Yang,Latrobe,12922.8,2026
Lubeck,Yarriambiack,5410.1,2026
Lucas,Ballarat,9015.2,2026
Lucknow,East Gippsland,9280.4,2026
Lurg,Benalla,7590.1,2026
Lynbrook,Casey,5401.8,2026
Lyndhurst,Casey,5401.8,2026
Lyons,Glenelg,8421.2,2026
Lyonville,Hepburn,3837.5,2026
Lysterfield,Knox,4791.8,2026
Lysterfield South,Casey,5401.8,2026
Macarthur,Moyne,2907.2,2026
Macclesfield,Yarra Ranges,3592.8,2026
Macedon,Macedon Ranges,3627.9,2026
Macks Creek,Wellington,8830.1,2026
Macleod,Banyule,5777.9,2026
Macorna,Gannawarra,5253.0,2026
Macorna North,Gannawarra,5253.0,2026
Macs Cove,Mansfield,2650.7,2026
Madalya,Wellington,8830.1,2026
Maddingley,Moorabool,5893.8,2026
Mafeking,Ararat,9340.4,2026
Maffra,Wellington,8830.1,2026
Maffra West Upper,Wellington,8830.1,2026
Magpie,Ballarat,9015.2,2026
Maiden Gully,Greater Bendigo,6770.6,2026
Maidstone,Maribyrnong,10380.7,2026
Mailors Flat,Moyne,2907.2,2026
Main Ridge,Mornington Peninsula,4912.5,2026
Maindample,Mansfield,2650.7,2026
Maintongoon,Murrindindi,3633.5,2026
Major Plains,Greater Shepparton,10207.9,2026
Majorca,Central Goldfields,7043.9,2026
Maldon,Mount Alexander,4533.3,2026
Mallacoota,East Gippsland,9280.4,2026
Malmsbury,Macedon Ranges,3627.9,2026
Malvern,Stonnington,9271.4,2026
Malvern East,Stonnington,9271.4,2026
Mambourin,Wyndham,5183.8,2026
Manangatang,Swan Hill,7462.2,2026
Mandurang,Greater Bendigo,6770.6,2026
Mandurang South,Greater Bendigo,6770.6,2026
Mangalore,Strathbogie,3835.6,2026
Manifold Heights,Greater Geelong,6272.9,2026
Mannerim,Greater Geelong,6272.9,2026
Mannibadar,Golden Plains,2239.8,2026
Manns Beach,Wellington,8830.1,2026
Manor Lakes,Wyndham,5183.8,2026
Manorina,East Gippsland,9280.4,2026
Mansfield,Mansfield,2650.7,2026
Marcus Hill,Greater Geelong,6272.9,2026
Mardan,South Gippsland,5201.7,2026
Marengo,Colac-Otway,6280.6,2026
Maribyrnong,Maribyrnong,10380.7,2026
Markwood,Wangaratta,6607.9,2026
Marlo,East Gippsland,9280.4,2026
Marnoo,Northern Grampians,10712.0,2026
Marnoo East,Northern Grampians,10712.0,2026
Marnoo West,Northern Grampians,10712.0,2026
Marong,Greater Bendigo,6770.6,2026
Maroona,Ararat,9340.4,2026
Marshall,Greater Geelong,6272.9,2026
Marungi,Moira,5646.2,2026
Maryborough,Central Goldfields,7043.9,2026
Maryknoll,Cardinia,4765.6,2026
Marysville,Murrindindi,3633.5,2026
Maryvale,Latrobe,12922.8,2026
Matlock,Yarra Ranges,3592.8,2026
Maude,Golden Plains,2239.8,2026
McCrae,Mornington Peninsula,4912.5,2026
McIntyre,Loddon,5097.6,2026
McKenzie Hill,Mount Alexander,4533.3,2026
McKinnon,Glen Eira,3731.3,2026
McLoughlins Beach,Wellington,8830.1,2026
McMahons Creek,Yarra Ranges,3592.8,2026
McMillans,Gannawarra,5253.0,2026
Meadow Creek,Wangaratta,6607.9,2026
Meadow Heights,Hume,6016.8,2026
Meeniyan,South Gippsland,5201.7,2026
Meerlieu,Wellington,8830.1,2026
Melbourne,Melbourne,17110.1,2026
Melbourne Airport,Hume,6016.8,2026
Melton,Melton,4848.3,2026
Melton South,Melton,4848.3,2026
Melton West,Melton,4848.3,2026
Melville Forest,Southern Grampians,5733.6,2026
Melwood,East Gippsland,9280.4,2026
Mentone,Kingston,5525.1,2026
Menzies Creek,Yarra Ranges,3592.8,2026
Mepunga East,Moyne,2907.2,2026
Mepunga West,Moyne,2907.2,2026
Merbein,Mildura,10269.1,2026
Merbein South,Mildura,10269.1,2026
Merbein West,Mildura,10269.1,2026
Meredith,Golden Plains,2239.8,2026
Meringur,Mildura,10269.1,2026
Merino,Glenelg,8421.2,2026
Mernda,Whittlesea,4992.9,2026
Merriang,Alpine,2607.1,2026
Merricks,Mornington Peninsula,4912.5,2026
Merricks Beach,Mornington Peninsula,4912.5,2026
Merricks North,Mornington Peninsula,4912.5,2026
Merrigum,Greater Shepparton,10207.9,2026
Merrijig,Mansfield,2650.7,2026
Merrimu,Moorabool,5893.8,2026
Merrinee,Mildura,10269.1,2026
Merton,Mansfield,2650.7,2026
Metcalfe,Mount Alexander,4533.3,2026
Metung,East Gippsland,9280.4,2026
Mia Mia,Greater Bendigo,6770.6,2026
Mickleham,Hume,6016.8,2026
Middle Creek,Ararat,9340.4,2026
Middle Park,Port Phillip,10986.9,2026
Miepoll,Strathbogie,3835.6,2026
Miga Lake,West Wimmera,4284.3,2026
Milawa,Wangaratta,6607.9,2026
Mildura,Mildura,10269.1,2026
Mill Park,Whittlesea,4992.9,2026
Millbrook,Moorabool,5893.8,2026
Millgrove,Yarra Ranges,3592.8,2026
Milloo,Campaspe,7598.2,2026
Milltown,Glenelg,8421.2,2026
Milnes Bridge,Gannawarra,5253.0,2026
Miners Rest,Ballarat,9015.2,2026
Minhamite,Moyne,2907.2,2026
Minimay,West Wimmera,4284.3,2026
Minjah,Moyne,2907.2,2026
Minyip,Yarriambiack,5410.1,2026
Miram,West Wimmera,4284.3,2026
Mirboo,South Gippsland,5201.7,2026
Mirboo North,South Gippsland,5201.7,2026
Mirranatwa,Southern Grampians,5733.6,2026
Mitcham,Whitehorse,4862.5,2026
Mitchell Park,Ballarat,9015.2,2026
Mitchellstown,Strathbogie,3835.6,2026
Mitiamo,Loddon,5097.6,2026
Mitre,Horsham,8829.9,2026
Mitta Mitta,Towong,2916.0,2026
Mockinya,Horsham,8829.9,2026
Modella,Cardinia,4765.6,2026
Modewarre,Surf Coast,2453.9,2026
Moe,Latrobe,12922.8,2026
Moe South,Latrobe,12922.8,2026
Moggs Creek,Surf Coast,2453.9,2026
Molesworth,Murrindindi,3633.5,2026
Moliagul,Loddon,5097.6,2026
Molka,Strathbogie,3835.6,2026
Mologa,Loddon,5097.6,2026
Molyullah,Benalla,7590.1,2026
Monbulk,Yarra Ranges,3592.8,2026
Monegeetta,Macedon Ranges,3627.9,2026
Mongans Bridge,Alpine,2607.1,2026
Monomak,Wellington,8830.1,2026
Monomeith,Cardinia,4765.6,2026
Mont Albert,Whitehorse,4862.5,2026
Mont Albert North,Whitehorse,4862.5,2026
Montgomery,Wellington,8830.1,2026
Montmorency,Banyule,5777.9,2026
Montrose,Yarra Ranges,3592.8,2026
Moolap,Greater Geelong,6272.9,2026
Moolerr,Northern Grampians,10712.0,2026
Moolort,Central Goldfields,7043.9,2026
Moonambel,Pyrenees,5046.6,2026
Moondarra,Baw Baw,5740.2,2026
Moonee Ponds,Moonee Valley,6224.3,2026
Moonlight Flat,Central Goldfields,7043.9,2026
Moorabbin,Kingston,5525.1,2026
Moorabbin Airport,Kingston,5525.1,2026
Moorabool,Greater Geelong,6272.9,2026
Mooralla,Southern Grampians,5733.6,2026
Moorilim,Greater Shepparton,10207.9,2026
Moormbool West,Strathbogie,3835.6,2026
Moorooduc,Mornington Peninsula,4912.5,2026
Mooroolbark,Yarra Ranges,3592.8,2026
Mooroopna,Greater Shepparton,10207.9,2026
Mooroopna North,Greater Shepparton,10207.9,2026
Moranding,Mitchell,5822.7,2026
Mordialloc,Kingston,5525.1,2026
Moriac,Surf Coast,2453.9,2026
Mornington,Mornington Peninsula,4912.5,2026
Morrisons,Moorabool,5893.8,2026
Mortlake,Moyne,2907.2,2026
Morwell,Latrobe,12922.8,2026
Mount Alfred,Towong,2916.0,2026
Mount Beauty,Alpine,2607.1,2026
Mount Best,South Gippsland,5201.7,2026
Mount Bolton,Ballarat,9015.2,2026
Mount Bruno,Benalla,7590.1,2026
Mount Buffalo,Alpine,2607.1,2026
Mount Buller,Mansfield,2650.7,2026
Mount Burnett,Cardinia,4765.6,2026
Mount Camel,Greater Bendigo,6770.6,2026
Mount Clear,Ballarat,9015.2,2026
Mount Cottrell,Wyndham,5183.8,2026
Mount Dandenong,Yarra Ranges,3592.8,2026
Mount Dryden,Northern Grampians,10712.0,2026
Mount Duneed,Greater Geelong,6272.9,2026
Mount Egerton,Moorabool,5893.8,2026
Mount Eliza,Mornington Peninsula,4912.5,2026
Mount Emu,Pyrenees,5046.6,2026
Mount Evelyn,Yarra Ranges,3592.8,2026
Mount Franklin,Hepburn,3837.5,2026
Mount Glasgow,Central Goldfields,7043.9,2026
Mount Helen,Ballarat,9015.2,2026
Mount Lonarch,Pyrenees,5046.6,2026
Mount Macedon,Macedon Ranges,3627.9,2026
Mount Martha,Mornington Peninsula,4912.5,2026
Mount Mercer,Golden Plains,2239.8,2026
Mount Moriac,Surf Coast,2453.9,2026
Mount Pleasant,Ballarat,9015.2,2026
Mount Prospect,Hepburn,3837.5,2026
Mount Richmond,Glenelg,8421.2,2026
Mount Rowan,Ballarat,9015.2,2026
Mount Taylor,East Gippsland,9280.4,2026
Mount Toolebewong,Yarra Ranges,3592.8,2026
Mount Wallace,Moorabool,5893.8,2026
Mount Waverley,Monash,5516.2,2026
Mountain Bay,Mansfield,2650.7,2026
Mountain View,Baw Baw,5740.2,2026
Moutajup,Southern Grampians,5733.6,2026
Moyhu,Wangaratta,6607.9,2026
Moyston,Ararat,9340.4,2026
Muckatah,Moira,5646.2,2026
Muckleford,Mount Alexander,4533.3,2026
Muckleford South,Mount Alexander,4533.3,2026
Mudgegonga,Alpine,2607.1,2026
Mulgrave,Monash,5516.2,2026
Mumbannar,Glenelg,8421.2,2026
Mundoona,Moira,5646.2,2026
Munro,Wellington,8830.1,2026
Muntham,Glenelg,8421.2,2026
Murchison,Greater Shepparton,10207.9,2026
Murchison East,Greater Shepparton,10207.9,2026
Murchison North,Greater Shepparton,10207.9,2026
Murgheboluc,Golden Plains,2239.8,2026
Murmungee,Wangaratta,6607.9,2026
Murphys Creek,Loddon,5097.6,2026
Murra Warra,Horsham,8829.9,2026
Murrabit,Gannawarra,5253.0,2026
Murrabit West,Gannawarra,5253.0,2026
Murrawee,Swan Hill,7462.2,2026
Murrayville,Mildura,10269.1,2026
Murrindindi,Murrindindi,3633.5,2026
Murroon,Colac-Otway,6280.6,2026
Murrumbeena,Glen Eira,3731.3,2026
Murtoa,Yarriambiack,5410.1,2026
Musk,Hepburn,3837.5,2026
Musk Vale,Hepburn,3837.5,2026
Myall,Gannawarra,5253.0,2026
Myamyn,Glenelg,8421.2,2026
Myers Flat,Greater Bendigo,6770.6,2026
Myrniong,Moorabool,5893.8,2026
Myrrhee,Wangaratta,6607.9,2026
Myrtle Creek,Greater Bendigo,6770.6,2026
Myrtlebank,Wellington,8830.1,2026
Myrtleford,Alpine,2607.1,2026
Mysia,Loddon,5097.6,2026
Mystic Park,Gannawarra,5253.0,2026
Mywee,Moira,5646.2,2026
Nagambie,Strathbogie,3835.6,2026
Nalangil,Colac-Otway,6280.6,2026
Nalinga,Greater Shepparton,10207.9,2026
Nambrok,Wellington,8830.1,2026
Nangana,Cardinia,4765.6,2026
Nangiloc,Mildura,10269.1,2026
Nanneella,Campaspe,7598.2,2026
Napoleons,Golden Plains,2239.8,2026
Nar Nar Goon,Cardinia,4765.6,2026
Nar Nar Goon North,Cardinia,4765.6,2026
Narbethong,Murrindindi,3633.5,2026
Nareeb,Moyne,2907.2,2026
Nareen,Southern Grampians,5733.6,2026
Naring,Moira,5646.2,2026
Naringal,Moyne,2907.2,2026
Naringal East,Moyne,2907.2,2026
Naroghid,Corangamite,4833.3,2026
Narracan,Baw Baw,5740.2,2026
Narraport,Buloke,4154.6,2026
Narrapumelap South,Ararat,9340.4,2026
Narrawong,Glenelg,8421.2,2026
Narre Warren,Casey,5401.8,2026
Narre Warren East,Yarra Ranges,3592.8,2026
Narre Warren North,Casey,5401.8,2026
Narre Warren South,Casey,5401.8,2026
Nathalia,Moira,5646.2,2026
Natimuk,Horsham,8829.9,2026
Natya,Swan Hill,7462.2,2026
Navarre,Northern Grampians,10712.0,2026
Navigators,Moorabool,5893.8,2026
Nayook,Baw Baw,5740.2,2026
Neereman,Mount Alexander,4533.3,2026
Neerim,Baw Baw,5740.2,2026
Neerim East,Baw Baw,5740.2,2026
Neerim Junction,Baw Baw,5740.2,2026
Neerim South,Baw Baw,5740.2,2026
Neilborough,Greater Bendigo,6770.6,2026
Nelson,Glenelg,8421.2,2026
Nerrena,South Gippsland,5201.7,2026
Nerrin Nerrin,Ararat,9340.4,2026
Nerrina,Ballarat,9015.2,2026
Netherby,Hindmarsh,4837.7,2026
New Gisborne,Macedon Ranges,3627.9,2026
Newborough,Latrobe,12922.8,2026
Newbridge,Loddon,5097.6,2026
Newbury,Hepburn,3837.5,2026
Newcomb,Greater Geelong,6272.9,2026
Newham,Macedon Ranges,3627.9,2026
Newhaven,Bass Coast,5418.5,2026
Newington,Ballarat,9015.2,2026
Newlands Arm,East Gippsland,9280.4,2026
Newlyn,Hepburn,3837.5,2026
Newmerella,East Gippsland,9280.4,2026
Newport,Hobsons Bay,6352.1,2026
Newry,Wellington,8830.1,2026
Newstead,Mount Alexander,4533.3,2026
Newtown,Greater Geelong,6272.9,2026
Nhill,Hindmarsh,4837.7,2026
Nichols Point,Mildura,10269.1,2026
Nicholson,East Gippsland,9280.4,2026
Niddrie,Moonee Valley,6224.3,2026
Nilma,Baw Baw,5740.2,2026
Nilma North,Baw Baw,5740.2,2026
Nintingbool,Golden Plains,2239.8,2026
Ninyeunook,Gannawarra,5253.0,2026
Nirranda,Moyne,2907.2,2026
Nirranda East,Moyne,2907.2,2026
Noble Park,Greater Dandenong,10051.0,2026
Noble Park North,Greater Dandenong,10051.0,2026
Noojee,Baw Baw,5740.2,2026
Noorat,Corangamite,4833.3,2026
Noorinbee,East Gippsland,9280.4,2026
Noradjuha,Horsham,8829.9,2026
Norlane,Greater Geelong,6272.9,2026
Normanville,Gannawarra,5253.0,2026
Norong,Indigo,2491.5,2026
North Bendigo,Greater Bendigo,6770.6,2026
North Blackwood,Hepburn,3837.5,2026
North Geelong,Greater Geelong,6272.9,2026
North Melbourne,Melbourne,17110.1,2026
North Shore,Greater Geelong,6272.9,2026
North Wangaratta,Wangaratta,6607.9,2026
North Warrandyte,Nillumbik,2654.9,2026
North Wonthaggi,Bass Coast,5418.5,2026
Northcote,Darebin,8083.0,2026
Northwood,Mitchell,5822.7,2026
Notting Hill,Monash,5516.2,2026
Nowa Nowa,East Gippsland,9280.4,2026
Nulla Vale,Mitchell,5822.7,2026
Nullawarre,Moyne,2907.2,2026
Nullawil,Buloke,4154.6,2026
Numurkah,Moira,5646.2,2026
Nunawading,Whitehorse,4862.5,2026
Nungurner,East Gippsland,9280.4,2026
Nurcoung,West Wimmera,4284.3,2026
Nutfield,Nillumbik,2654.9,2026
Nyah,Swan Hill,7462.2,2026
Nyah West,Swan Hill,7462.2,2026
Nyerimilang,East Gippsland,9280.4,2026
Nyora,South Gippsland,5201.7,2026
Nyrraby,Swan Hill,7462.2,2026
Oak Park,Merri-bek,5879.2,2026
Oaklands Junction,Hume,6016.8,2026
Oakleigh,Monash,5516.2,2026
Oakleigh East,Monash,5516.2,2026
Oakleigh South,Monash,5516.2,2026
Oakvale,Gannawarra,5253.0,2026
Ocean Grove,Greater Geelong,6272.9,2026
Officer,Cardinia,4765.6,2026
Officer South,Cardinia,4765.6,2026
Olinda,Yarra Ranges,3592.8,2026
Ombersley,Colac-Otway,6280.6,2026
Omeo,East Gippsland,9280.4,2026
Omeo Valley,East Gippsland,9280.4,2026
Ondit,Colac-Otway,6280.6,2026
Orbost,East Gippsland,9280.4,2026
Orford,Moyne,2907.2,2026
Ormond,Glen Eira,3731.3,2026
Orrvale,Greater Shepparton,10207.9,2026
Osbornes Flat,Indigo,2491.5,2026
Outtrim,South Gippsland,5201.7,2026
Ouyen,Mildura,10269.1,2026
Ovens,Alpine,2607.1,2026
Oxley,Wangaratta,6607.9,2026
Oxley Flats,Wangaratta,6607.9,2026
Pakenham,Cardinia,4765.6,2026
Pakenham South,Cardinia,4765.6,2026
Pakenham Upper,Cardinia,4765.6,2026
Panmure,Moyne,2907.2,2026
Panton Hill,Nillumbik,2654.9,2026
Paradise,Northern Grampians,10712.0,2026
Paradise Beach,Wellington,8830.1,2026
Park Orchards,Manningham,3083.0,2026
Parkdale,Kingston,5525.1,2026
Parkville,Melbourne,17110.1,2026
Parwan,Moorabool,5893.8,2026
Pascoe Vale,Merri-bek,5879.2,2026
Pascoe Vale South,Merri-bek,5879.2,2026
Patchewollock,Yarriambiack,5410.1,2026
Patho,Campaspe,7598.2,2026
Patterson Lakes,Kingston,5525.1,2026
Patyah,West Wimmera,4284.3,2026
Paynesville,East Gippsland,9280.4,2026
Pearcedale,Casey,5401.8,2026
Pearsondale,Wellington,8830.1,2026
Pennyroyal,Surf Coast,2453.9,2026
Penshurst,Southern Grampians,5733.6,2026
Pental Island,Swan Hill,7462.2,2026
Pentland Hills,Moorabool,5893.8,2026
Percydale,Pyrenees,5046.6,2026
Perry Bridge,Wellington,8830.1,2026
Peterborough,Moyne,2907.2,2026
Pheasant Creek,Murrindindi,3633.5,2026
Piangil,Swan Hill,7462.2,2026
Picola,Moira,5646.2,2026
Piedmont,Baw Baw,5740.2,2026
Pimpinio,Horsham,8829.9,2026
Pine Grove,Campaspe,7598.2,2026
Pine Lodge,Greater Shepparton,10207.9,2026
Pine Mountain,Towong,2916.0,2026
Pioneer Bay,Bass Coast,5418.5,2026
Pipers Creek,Macedon Ranges,3627.9,2026
Piries,Mansfield,2650.7,2026
Pirron Yallock,Colac-Otway,6280.6,2026
Pittong,Golden Plains,2239.8,2026
Plenty,Nillumbik,2654.9,2026
Plumpton,Melton,4848.3,2026
Point Cook,Wyndham,5183.8,2026
Point Leo,Mornington Peninsula,4912.5,2026
Point Lonsdale,Greater Geelong,6272.9,2026
Point Wilson,Greater Geelong,6272.9,2026
Pomborneit,Corangamite,4833.3,2026
Pomborneit North,Corangamite,4833.3,2026
Pomonal,Ararat,9340.4,2026
Pompapiel,Loddon,5097.6,2026
Poolaijelo,West Wimmera,4284.3,2026
Pootilla,Moorabool,5893.8,2026
Poowong,South Gippsland,5201.7,2026
Poowong North,South Gippsland,5201.7,2026
Porcupine Ridge,Hepburn,3837.5,2026
Porepunkah,Alpine,2607.1,2026
Port Albert,Wellington,8830.1,2026
Port Campbell,Corangamite,4833.3,2026
Port Fairy,Moyne,2907.2,2026
Port Franklin,South Gippsland,5201.7,2026
Port Melbourne,Port Phillip,10986.9,2026
Port Welshpool,South Gippsland,5201.7,2026
Portarlington,Greater Geelong,6272.9,2026
Portland,Glenelg,8421.2,2026
Portland North,Glenelg,8421.2,2026
Portland West,Glenelg,8421.2,2026
Portsea,Mornington Peninsula,4912.5,2026
Pound Creek,South Gippsland,5201.7,2026
Powelltown,Yarra Ranges,3592.8,2026
Powlett Plains,Loddon,5097.6,2026
Prahran,Stonnington,9271.4,2026
Prairie,Loddon,5097.6,2026
Pranjip,Strathbogie,3835.6,2026
Preston,Darebin,8083.0,2026
Princes Hill,Yarra,12312.1,2026
Princetown,Corangamite,4833.3,2026
Puckapunyal,Mitchell,5822.7,2026
Purdeet,Moyne,2907.2,2026
Purnim,Moyne,2907.2,2026
Pyalong,Mitchell,5822.7,2026
Pyramid Hill,Loddon,5097.6,2026
Quambatook,Gannawarra,5253.0,2026
Quandong,Wyndham,5183.8,2026
Quantong,Horsham,8829.9,2026
Quarry Hill,Greater Bendigo,6770.6,2026
Queenscliff,Queenscliffe,1297.3,2026
Raglan,Pyrenees,5046.6,2026
Rainbow,Hindmarsh,4837.7,2026
Ranceby,South Gippsland,5201.7,2026
Rathscar,Pyrenees,5046.6,2026
Ravenhall,Melton,4848.3,2026
Ravenswood,Greater Bendigo,6770.6,2026
Ravenswood South,Mount Alexander,4533.3,2026
Rawson,Baw Baw,5740.2,2026
Raymond Island,East Gippsland,9280.4,2026
Raywood,Greater Bendigo,6770.6,2026
Red Cliffs,Mildura,10269.1,2026
Red Hill,Mornington Peninsula,4912.5,2026
Red Hill South,Mornington Peninsula,4912.5,2026
Red Lion,Central Goldfields,7043.9,2026
Redan,Ballarat,9015.2,2026
Redbank,Pyrenees,5046.6,2026
Redcastle,Greater Bendigo,6770.6,2026
Redesdale,Greater Bendigo,6770.6,2026
Reedy Creek,Mitchell,5822.7,2026
Reedy Lake,Gannawarra,5253.0,2026
Reefton,Yarra Ranges,3592.8,2026
Research,Nillumbik,2654.9,2026
Reservoir,Darebin,8083.0,2026
Rheola,Loddon,5097.6,2026
Rhyll,Bass Coast,5418.5,2026
Rhymney,Ararat,9340.4,2026
Rich Avon,Buloke,4154.6,2026
Rich Avon West,Northern Grampians,10712.0,2026
Richmond,Yarra,12312.1,2026
Riddells Creek,Macedon Ranges,3627.9,2026
Riggs Creek,Strathbogie,3835.6,2026
Ringwood,Maroondah,5648.5,2026
Ringwood East,Maroondah,5648.5,2026
Ringwood North,Maroondah,5648.5,2026
Ripplebrook,Baw Baw,5740.2,2026
Rippleside,Greater Geelong,6272.9,2026
Ripponlea,Port Phillip,10986.9,2026
Riverside,Horsham,8829.9,2026
Riverslea,Wellington,8830.1,2026
Robertsons Beach,Wellington,8830.1,2026
Robinvale,Swan Hill,7462.2,2026
Rochester,Campaspe,7598.2,2026
Rochford,Macedon Ranges,3627.9,2026
Rockbank,Melton,4848.3,2026
Rocklands,Southern Grampians,5733.6,2026
Rokeby,Baw Baw,5740.2,2026
Rokewood,Golden Plains,2239.8,2026
Romsey,Macedon Ranges,3627.9,2026
Rosanna,Banyule,5777.9,2026
Rose River,Wangaratta,6607.9,2026
Rosebery,Yarriambiack,5410.1,2026
Rosebrook,Moyne,2907.2,2026
Rosebud,Mornington Peninsula,4912.5,2026
Rosedale,Wellington,8830.1,2026
Roses Gap,Northern Grampians,10712.0,2026
Rosewhite,Alpine,2607.1,2026
Roslynmead,Campaspe,7598.2,2026
Ross Creek,Golden Plains,2239.8,2026
Rowsley,Moorabool,5893.8,2026
Rowville,Knox,4791.8,2026
Roxburgh Park,Hume,6016.8,2026
Rubicon,Murrindindi,3633.5,2026
Ruby,South Gippsland,5201.7,2026
Ruffy,Strathbogie,3835.6,2026
Running Creek,Alpine,2607.1,2026
Runnymede,Campaspe,7598.2,2026
Rupanyup,Yarriambiack,5410.1,2026
Rushworth,Campaspe,7598.2,2026
Rutherglen,Indigo,2491.5,2026
Ryanston,Bass Coast,5418.5,2026
Rye,Mornington Peninsula,4912.5,2026
Rythdale,Cardinia,4765.6,2026
Safety Beach,Mornington Peninsula,4912.5,2026
Sailors Falls,Hepburn,3837.5,2026
Sailors Gully,Greater Bendigo,6770.6,2026
Sale,Wellington,8830.1,2026
Salisbury West,Loddon,5097.6,2026
Samaria,Benalla,7590.1,2026
San Remo,Bass Coast,5418.5,2026
Sandford,Glenelg,8421.2,2026
Sandhill Lake,Gannawarra,5253.0,2026
Sandhurst,Frankston,8698.8,2026
Sandon,Mount Alexander,4533.3,2026
Sandringham,Bayside,3827.2,2026
Sandy Point,South Gippsland,5201.7,2026
Sarsfield,East Gippsland,9280.4,2026
Sassafras,Yarra Ranges,3592.8,2026
Sawmill Settlement,Mansfield,2650.7,2026
Scarsdale,Golden Plains,2239.8,2026
Scoresby,Knox,4791.8,2026
Scotsburn,Moorabool,5893.8,2026
Scotts Creek,Corangamite,4833.3,2026
Sea Lake,Buloke,4154.6,2026
Seabrook,Hobsons Bay,6352.1,2026
Seacombe,Wellington,8830.1,2026
Seaford,Frankston,8698.8,2026
Seaholme,Hobsons Bay,6352.1,2026
Seaspray,Wellington,8830.1,2026
Seaton,Wellington,8830.1,2026
Seaview,Baw Baw,5740.2,2026
Sebastian,Greater Bendigo,6770.6,2026
Sebastopol,Ballarat,9015.2,2026
Seddon,Maribyrnong,10380.7,2026
Sedgwick,Greater Bendigo,6770.6,2026
Selby,Yarra Ranges,3592.8,2026
Separation Creek,Colac-Otway,6280.6,2026
Serpentine,Loddon,5097.6,2026
Serviceton,West Wimmera,4284.3,2026
Seville,Yarra Ranges,3592.8,2026
Seville East,Yarra Ranges,3592.8,2026
Seymour,Mitchell,5822.7,2026
Shady Creek,Baw Baw,5740.2,2026
Sheep Hills,Yarriambiack,5410.1,2026
Shelbourne,Greater Bendigo,6770.6,2026
Shelford,Golden Plains,2239.8,2026
Shepherds Flat,Hepburn,3837.5,2026
Shepparton,Greater Shepparton,10207.9,2026
Shepparton East,Greater Shepparton,10207.9,2026
Shepparton North,Greater Shepparton,10207.9,2026
Sherbrooke,Yarra Ranges,3592.8,2026
Shoreham,Mornington Peninsula,4912.5,2026
Sidonia,Macedon Ranges,3627.9,2026
Silvan,Yarra Ranges,3592.8,2026
Silverleaves,Bass Coast,5418.5,2026
Simpson,Corangamite,4833.3,2026
Simpsons Creek,East Gippsland,9280.4,2026
Simson,Central Goldfields,7043.9,2026
Skenes Creek,Colac-Otway,6280.6,2026
Skibo,Corangamite,4833.3,2026
Skinners Flat,Loddon,5097.6,2026
Skipton,Corangamite,4833.3,2026
Skye,Frankston,8698.8,2026
Slaty Creek,Northern Grampians,10712.0,2026
Smeaton,Hepburn,3837.5,2026
Smiths Beach,Bass Coast,5418.5,2026
Smiths Gully,Nillumbik,2654.9,2026
Smokeytown,Hepburn,3837.5,2026
Smoko,Alpine,2607.1,2026
Smythes Creek,Ballarat,9015.2,2026
Smythesdale,Golden Plains,2239.8,2026
Snake Valley,Pyrenees,5046.6,2026
Soldiers Hill,Ballarat,9015.2,2026
Somers,Mornington Peninsula,4912.5,2026
Somerton,Hume,6016.8,2026
Somerville,Mornington Peninsula,4912.5,2026
Sorrento,Mornington Peninsula,4912.5,2026
South Dudley,Bass Coast,5418.5,2026
South Geelong,Greater Geelong,6272.9,2026
South Kingsville,Hobsons Bay,6352.1,2026
South Melbourne,Port Phillip,10986.9,2026
South Morang,Whittlesea,4992.9,2026
South Wharf,Melbourne,17110.1,2026
South Yarra,Stonnington,9271.4,2026
Southbank,Melbourne,17110.1,2026
Spargo Creek,Moorabool,5893.8,2026
Speed,Yarriambiack,5410.1,2026
Spotswood,Hobsons Bay,6352.1,2026
Spring Gully,Greater Bendigo,6770.6,2026
Spring Hill,Macedon Ranges,3627.9,2026
Springbank,Moorabool,5893.8,2026
Springdallah,Golden Plains,2239.8,2026
Springfield,Macedon Ranges,3627.9,2026
Springhurst,Wangaratta,6607.9,2026
Springmount,Hepburn,3837.5,2026
Springvale,Greater Dandenong,10051.0,2026
Springvale South,Greater Dandenong,10051.0,2026
St Albans,Brimbank,7416.5,2026
St Albans Park,Greater Geelong,6272.9,2026
St Andrews,Nillumbik,2654.9,2026
St Andrews Beach,Mornington Peninsula,4912.5,2026
St Arnaud,Northern Grampians,10712.0,2026
St Arnaud East,Northern Grampians,10712.0,2026
St Arnaud North,Northern Grampians,10712.0,2026
St Clair,Bass Coast,5418.5,2026
St Germains,Greater Shepparton,10207.9,2026
St Helena,Banyule,5777.9,2026
St Helens Plains,Horsham,8829.9,2026
St James,Moira,5646.2,2026
St Kilda,Port Phillip,10986.9,2026
St Kilda East,Port Phillip,10986.9,2026
St Kilda West,Port Phillip,10986.9,2026
St Leonards,Greater Geelong,6272.9,2026
Staceys Bridge,Wellington,8830.1,2026
Staffordshire Reef,Golden Plains,2239.8,2026
Staghorn Flat,Indigo,2491.5,2026
Stanhope,Campaspe,7598.2,2026
Stanley,Indigo,2491.5,2026
Staughton Vale,Greater Geelong,6272.9,2026
Stawell,Northern Grampians,10712.0,2026
Steels Creek,Yarra Ranges,3592.8,2026
Steiglitz,Golden Plains,2239.8,2026
Stewarton,Benalla,7590.1,2026
Stockdale,Wellington,8830.1,2026
Stockyard Hill,Pyrenees,5046.6,2026
Stonehaven,Golden Plains,2239.8,2026
Stoneleigh,Pyrenees,5046.6,2026
Stony Creek,South Gippsland,5201.7,2026
Stonyford,Colac-Otway,6280.6,2026
Stradbroke,Wellington,8830.1,2026
Stratford,Wellington,8830.1,2026
Strath Creek,Murrindindi,3633.5,2026
Strathallan,Campaspe,7598.2,2026
Strathbogie,Strathbogie,3835.6,2026
Strathdale,Greater Bendigo,6770.6,2026
Strathdownie,Glenelg,8421.2,2026
Strathewen,Nillumbik,2654.9,2026
Strathfieldsaye,Greater Bendigo,6770.6,2026
Strathlea,Mount Alexander,4533.3,2026
Strathmerton,Moira,5646.2,2026
Strathmore,Moonee Valley,6224.3,2026
Strathmore Heights,Moonee Valley,6224.3,2026
Strathtulloh,Melton,4848.3,2026
Streatham,Ararat,9340.4,2026
Strzelecki,South Gippsland,5201.7,2026
Stuart Mill,Northern Grampians,10712.0,2026
Sugarloaf,Colac-Otway,6280.6,2026
Sugarloaf Creek,Mitchell,5822.7,2026
Suggan Buggan,East Gippsland,9280.4,2026
Sulky,Hepburn,3837.5,2026
Summerlands,Bass Coast,5418.5,2026
Sunbury,Hume,6016.8,2026
Sunday Creek,Mitchell,5822.7,2026
Sunderland Bay,Bass Coast,5418.5,2026
Sunset Strip,Bass Coast,5418.5,2026
Sunshine,Brimbank,7416.5,2026
Sunshine North,Brimbank,7416.5,2026
Sunshine West,Brimbank,7416.5,2026
Surf Beach,Bass Coast,5418.5,2026
Surrey Hills,Boroondara,4538.2,2026
Sutherland,Northern Grampians,10712.0,2026
Sutherlands Creek,Golden Plains,2239.8,2026
Sutton Grange,Mount Alexander,4533.3,2026
Swan Bay,Greater Geelong,6272.9,2026
Swan Hill,Swan Hill,7462.2,2026
Swan Hill West,Swan Hill,7462.2,2026
Swan Marsh,Colac-Otway,6280.6,2026
Swan Reach,East Gippsland,9280.4,2026
Swanpool,Benalla,7590.1,2026
Swanwater,Northern Grampians,10712.0,2026
Swanwater West,Northern Grampians,10712.0,2026
Swifts Creek,East Gippsland,9280.4,2026
Sydenham,Brimbank,7416.5,2026
Tabilk,Strathbogie,3835.6,2026
Tabor,Southern Grampians,5733.6,2026
Taggerty,Murrindindi,3633.5,2026
Talbot,Central Goldfields,7043.9,2026
Talgarno,Towong,2916.0,2026
Tallangatta,Towong,2916.0,2026
Tallangatta Valley,Towong,2916.0,2026
Tallarook,Mitchell,5822.7,2026
Tallygaroopna,Greater Shepparton,10207.9,2026
Tambo Upper,East Gippsland,9280.4,2026
Tamboon,East Gippsland,9280.4,2026
Taminick,Benalla,7590.1,2026
Tamleugh,Strathbogie,3835.6,2026
Tamleugh North,Greater Shepparton,10207.9,2026
Tandarook,Corangamite,4833.3,2026
Tandarra,Loddon,5097.6,2026
Tangambalanga,Indigo,2491.5,2026
Tanjil,Baw Baw,5740.2,2026
Tanjil Bren,Baw Baw,5740.2,2026
Tanjil South,Latrobe,12922.8,2026
Tanwood,Pyrenees,5046.6,2026
Taradale,Mount Alexander,4533.3,2026
Tarcombe,Mitchell,5822.7,2026
Tarnagulla,Loddon,5097.6,2026
Tarneit,Wyndham,5183.8,2026
Tarnook,Benalla,7590.1,2026
Taroon,Moyne,2907.2,2026
Tarra Valley,Wellington,8830.1,2026
Tarraville,Wellington,8830.1,2026
Tarrawarra,Yarra Ranges,3592.8,2026
Tarrawingee,Wangaratta,6607.9,2026
Tarrayoukyan,Southern Grampians,5733.6,2026
Tarrengower,Mount Alexander,4533.3,2026
Tarrington,Southern Grampians,5733.6,2026
Tarrone,Moyne,2907.2,2026
Tarwin,South Gippsland,5201.7,2026
Tarwin Lower,South Gippsland,5201.7,2026
Tatong,Benalla,7590.1,2026
Tatura,Greater Shepparton,10207.9,2026
Tatura East,Greater Shepparton,10207.9,2026
Tatyoon,Ararat,9340.4,2026
Tawonga,Alpine,2607.1,2026
Tawonga South,Alpine,2607.1,2026
Taylor Bay,Murrindindi,3633.5,2026
Taylors Hill,Melton,4848.3,2026
Taylors Lakes,Brimbank,7416.5,2026
Teal Point,Gannawarra,5253.0,2026
Tecoma,Yarra Ranges,3592.8,2026
Teddywaddy,Buloke,4154.6,2026
Teesdale,Golden Plains,2239.8,2026
Telangatuk East,Horsham,8829.9,2026
Telford,Moira,5646.2,2026
Telopea Downs,West Wimmera,4284.3,2026
Templestowe,Manningham,3083.0,2026
Templestowe Lower,Manningham,3083.0,2026
Tempy,Mildura,10269.1,2026
Tenby Point,Bass Coast,5418.5,2026
Tennyson,Campaspe,7598.2,2026
Terang,Corangamite,4833.3,2026
Terip Terip,Murrindindi,3633.5,2026
Tesbury,Corangamite,4833.3,2026
Tetoora Road,Baw Baw,5740.2,2026
The Basin,Knox,4791.8,2026
The Cove,Moyne,2907.2,2026
The Gurdies,Bass Coast,5418.5,2026
The Heart,Wellington,8830.1,2026
The Honeysuckles,Wellington,8830.1,2026
The Patch,Yarra Ranges,3592.8,2026
The Sisters,Moyne,2907.2,2026
Thomastown,Whittlesea,4992.9,2026
Thomson,Greater Geelong,6272.9,2026
Thornbury,Darebin,8083.0,2026
Thornhill Park,Melton,4848.3,2026
Thornton,Murrindindi,3633.5,2026
Thorpdale,Baw Baw,5740.2,2026
Three Bridges,Yarra Ranges,3592.8,2026
Timboon,Corangamite,4833.3,2026
Timboon West,Corangamite,4833.3,2026
Timmering,Campaspe,7598.2,2026
Timor,Central Goldfields,7043.9,2026
Timor West,Central Goldfields,7043.9,2026
Tinamba,Wellington,8830.1,2026
Tinamba West,Wellington,8830.1,2026
Tintaldra,Towong,2916.0,2026
Tol Tol,Swan Hill,7462.2,2026
Tolmie,Mansfield,2650.7,2026
Tongala,Campaspe,7598.2,2026
Tooborac,Mitchell,5822.7,2026
Toolamba,Greater Shepparton,10207.9,2026
Toolamba West,Greater Shepparton,10207.9,2026
Toolangi,Murrindindi,3633.5,2026
Toolern Vale,Melton,4848.3,2026
Toolleen,Campaspe,7598.2,2026
Toolondo,Horsham,8829.9,2026
Toolong,Moyne,2907.2,2026
Toongabbie,Latrobe,12922.8,2026
Toora,South Gippsland,5201.7,2026
Toora North,South Gippsland,5201.7,2026
Tooradin,Casey,5401.8,2026
Toorak,Stonnington,9271.4,2026
Toorloo Arm,East Gippsland,9280.4,2026
Tootgarook,Mornington Peninsula,4912.5,2026
Torquay,Surf Coast,2453.9,2026
Torrumbarry,Campaspe,7598.2,2026
Torwood,Baw Baw,5740.2,2026
Tostaree,East Gippsland,9280.4,2026
Tottenham,Maribyrnong,10380.7,2026
Tourello,Ballarat,9015.2,2026
Towaninny,Buloke,4154.6,2026
Tower Hill,Moyne,2907.2,2026
Towong Upper,Towong,2916.0,2026
Trafalgar,Baw Baw,5740.2,2026
Trafalgar East,Baw Baw,5740.2,2026
Trafalgar South,Baw Baw,5740.2,2026
Tragowel,Gannawarra,5253.0,2026
Traralgon,Latrobe,12922.8,2026
Traralgon East,Latrobe,12922.8,2026
Traralgon South,Latrobe,12922.8,2026
Travancore,Moonee Valley,6224.3,2026
Trawalla,Pyrenees,5046.6,2026
Trawool,Mitchell,5822.7,2026
Traynors Lagoon,Northern Grampians,10712.0,2026
Tremont,Yarra Ranges,3592.8,2026
Trentham,Hepburn,3837.5,2026
Trentham East,Macedon Ranges,3627.9,2026
Tresco,Swan Hill,7462.2,2026
Tresco West,Swan Hill,7462.2,2026
Trida,South Gippsland,5201.7,2026
Truganina,Wyndham,5183.8,2026
Tuerong,Mornington Peninsula,4912.5,2026
Tullamarine,Hume,6016.8,2026
Tungamah,Moira,5646.2,2026
Turoar,Swan Hill,7462.2,2026
Turtons Creek,South Gippsland,5201.7,2026
Tyaak,Mitchell,5822.7,2026
Tyabb,Mornington Peninsula,4912.5,2026
Tyers,Latrobe,12922.8,2026
Tylden,Macedon Ranges,3627.9,2026
Tynong,Cardinia,4765.6,2026
Tynong North,Cardinia,4765.6,2026
Tyntynder,Swan Hill,7462.2,2026
Tyntynder South,Swan Hill,7462.2,2026
Tyrendarra,Glenelg,8421.2,2026
Tyrendarra East,Moyne,2907.2,2026
Ullswater,West Wimmera,4284.3,2026
Ultima,Swan Hill,7462.2,2026
Ulupna,Moira,5646.2,2026
Undera,Greater Shepparton,10207.9,2026
Underbool,Mildura,10269.1,2026
Upotipotpon,Strathbogie,3835.6,2026
Upper Ferntree Gully,Knox,4791.8,2026
Upper Plenty,Mitchell,5822.7,2026
Upton Hill,Strathbogie,3835.6,2026
Upwey,Yarra Ranges,3592.8,2026
Valencia Creek,Wellington,8830.1,2026
Vectis,Horsham,8829.9,2026
Ventnor,Bass Coast,5418.5,2026
Venus Bay,South Gippsland,5201.7,2026
Vermont,Whitehorse,4862.5,2026
Vermont South,Whitehorse,4862.5,2026
Vervale,Cardinia,4765.6,2026
Victoria Valley,Southern Grampians,5733.6,2026
Viewbank,Banyule,5777.9,2026
Vinifera,Swan Hill,7462.2,2026
Violet Town,Strathbogie,3835.6,2026
Vite Vite North,Corangamite,4833.3,2026
Waaia,Moira,5646.2,2026
Waanyarra,Loddon,5097.6,2026
Wahgunyah,Indigo,2491.5,2026
Wahring,Strathbogie,3835.6,2026
Wail,Horsham,8829.9,2026
Wairewa,East Gippsland,9280.4,2026
Wal Wal,Northern Grampians,10712.0,2026
Waldara,Wangaratta,6607.9,2026
Walhalla,Baw Baw,5740.2,2026
Walkerville,South Gippsland,5201.7,2026
Wallace,Moorabool,5893.8,2026
Wallacedale,Glenelg,8421.2,2026
Wallaloo East,Northern Grampians,10712.0,2026
Wallan,Mitchell,5822.7,2026
Wallinduc,Golden Plains,2239.8,2026
Wallington,Greater Geelong,6272.9,2026
Wallup,Yarriambiack,5410.1,2026
Walmer,Mount Alexander,4533.3,2026
Walpa,East Gippsland,9280.4,2026
Walpeup,Mildura,10269.1,2026
Walwa,Towong,2916.0,2026
Wandana Heights,Greater Geelong,6272.9,2026
Wandella,Gannawarra,5253.0,2026
Wandiligong,Alpine,2607.1,2026
Wandin East,Yarra Ranges,3592.8,2026
Wandin North,Yarra Ranges,3592.8,2026
Wando Vale,Glenelg,8421.2,2026
Wandong,Mitchell,5822.7,2026
Wangandary,Wangaratta,6607.9,2026
Wangarabell,East Gippsland,9280.4,2026
Wangaratta,Wangaratta,6607.9,2026
Wangaratta South,Wangaratta,6607.9,2026
Wangoom,Moyne,2907.2,2026
Wannon,Southern Grampians,5733.6,2026
Wantirna,Knox,4791.8,2026
Wantirna South,Knox,4791.8,2026
Waranga Shores,Campaspe,7598.2,2026
Warburton,Yarra Ranges,3592.8,2026
Wargan,Mildura,10269.1,2026
Warmur,Buloke,4154.6,2026
Warncoort,Colac-Otway,6280.6,2026
Warne,Buloke,4154.6,2026
Warneet,Casey,5401.8,2026
Warracknabeal,Yarriambiack,5410.1,2026
Warragul,Baw Baw,5740.2,2026
Warragul South,Baw Baw,5740.2,2026
Warrak,Ararat,9340.4,2026
Warrandyte,Manningham,3083.0,2026
Warrandyte South,Manningham,3083.0,2026
Warranwood,Maroondah,5648.5,2026
Warrayure,Southern Grampians,5733.6,2026
Warrenheip,Ballarat,9015.2,2026
Warrion,Colac-Otway,6280.6,2026
Warrnambool,Warrnambool,6984.3,2026
Warrong,Moyne,2907.2,2026
Wartook,Horsham,8829.9,2026
Watchem,Buloke,4154.6,2026
Watchem West,Yarriambiack,5410.1,2026
Waterford Park,Mitchell,5822.7,2026
Waterloo,Pyrenees,5046.6,2026
Waterways,Kingston,5525.1,2026
Watsonia,Banyule,5777.9,2026
Watsonia North,Banyule,5777.9,2026
Watsons Creek,Nillumbik,2654.9,2026
Wattle Bank,Bass Coast,5418.5,2026
Wattle Flat,Moorabool,5893.8,2026
Wattle Glen,Nillumbik,2654.9,2026
Waubra,Pyrenees,5046.6,2026
Waurn Ponds,Greater Geelong,6272.9,2026
Weatherboard,Ballarat,9015.2,2026
Wedderburn,Loddon,5097.6,2026
Wedderburn Junction,Loddon,5097.6,2026
Wee Wee Rup,Gannawarra,5253.0,2026
Weeaproinah,Colac-Otway,6280.6,2026
Weerite,Corangamite,4833.3,2026
Wehla,Loddon,5097.6,2026
Weir Views,Melton,4848.3,2026
Wellsford,Greater Bendigo,6770.6,2026
Welshmans Reef,Mount Alexander,4533.3,2026
Welshpool,South Gippsland,5201.7,2026
Wemen,Swan Hill,7462.2,2026
Wendouree,Ballarat,9015.2,2026
Wensleydale,Surf Coast,2453.9,2026
Werneth,Golden Plains,2239.8,2026
Werribee,Wyndham,5183.8,2026
Werribee South,Wyndham,5183.8,2026
Werrimull,Mildura,10269.1,2026
Wesburn,Yarra Ranges,3592.8,2026
West Bendigo,Greater Bendigo,6770.6,2026
West Creek,Bass Coast,5418.5,2026
West Footscray,Maribyrnong,10380.7,2026
West Melbourne,Melbourne,17110.1,2026
West Wodonga,Wodonga,7160.6,2026
Westbury,Baw Baw,5740.2,2026
Westmeadows,Hume,6016.8,2026
Westmere,Ararat,9340.4,2026
Whanregarwen,Murrindindi,3633.5,2026
Wharparilla,Campaspe,7598.2,2026
Wheatsheaf,Hepburn,3837.5,2026
Wheelers Hill,Monash,5516.2,2026
Whipstick,Greater Bendigo,6770.6,2026
White Hills,Greater Bendigo,6770.6,2026
Whiteheads Creek,Mitchell,5822.7,2026
Whitelaw,South Gippsland,5201.7,2026
Whitfield,Wangaratta,6607.9,2026
Whitlands,Wangaratta,6607.9,2026
Whittington,Greater Geelong,6272.9,2026
Whittlesea,Whittlesea,4992.9,2026
Whorouly,Wangaratta,6607.9,2026
Whorouly East,Wangaratta,6607.9,2026
Whroo,Strathbogie,3835.6,2026
Wickliffe,Ararat,9340.4,2026
Wilby,Moira,5646.2,2026
Wild Dog Valley,South Gippsland,5201.7,2026
Wildwood,Hume,6016.8,2026
Willaura,Ararat,9340.4,2026
Willaura North,Ararat,9340.4,2026
Williams Landing,Wyndham,5183.8,2026
Williamstown,Hobsons Bay,6352.1,2026
Williamstown North,Hobsons Bay,6352.1,2026
Willow Grove,Baw Baw,5740.2,2026
Willowmavin,Mitchell,5822.7,2026
Willung,Wellington,8830.1,2026
Willung South,Wellington,8830.1,2026
Wilsons Promontory,South Gippsland,5201.7,2026
Wimbledon Heights,Bass Coast,5418.5,2026
Winchelsea,Surf Coast,2453.9,2026
Windermere,Ballarat,9015.2,2026
Windsor,Stonnington,9271.4,2026
Winjallok,Northern Grampians,10712.0,2026
Winnap,Glenelg,8421.2,2026
Winnindoo,Wellington,8830.1,2026
Winslow,Moyne,2907.2,2026
Winter Valley,Ballarat,9015.2,2026
Winton,Benalla,7590.1,2026
Winton North,Benalla,7590.1,2026
Wiseleigh,East Gippsland,9280.4,2026
Wodonga,Wodonga,7160.6,2026
Wollert,Whittlesea,4992.9,2026
Wombat Creek,East Gippsland,9280.4,2026
Won Wron,Wellington,8830.1,2026
Wonga,South Gippsland,5201.7,2026
Wonga Park,Manningham,3083.0,2026
Wongarra,Colac-Otway,6280.6,2026
Wonthaggi,Bass Coast,5418.5,2026
Wonwondah,Horsham,8829.9,2026
Wonyip,Wellington,8830.1,2026
Wood Wood,Swan Hill,7462.2,2026
Woodend,Macedon Ranges,3627.9,2026
Woodend North,Macedon Ranges,3627.9,2026
Woodfield,Mansfield,2650.7,2026
Woodford,Warrnambool,6984.3,2026
Woodglen,East Gippsland,9280.4,2026
Woodhouse,Southern Grampians,5733.6,2026
Woodleigh,Bass Coast,5418.5,2026
Woods Point,Mansfield,2650.7,2026
Woodside,Wellington,8830.1,2026
Woodside Beach,Wellington,8830.1,2026
Woodstock,Whittlesea,4992.9,2026
Woodstock On Loddon,Loddon,5097.6,2026
Woodvale,Greater Bendigo,6770.6,2026
Woolamai,Bass Coast,5418.5,2026
Woolsthorpe,Moyne,2907.2,2026
Woomelang,Yarriambiack,5410.1,2026
Wooragee,Indigo,2491.5,2026
Woorarra East,South Gippsland,5201.7,2026
Woorarra West,South Gippsland,5201.7,2026
Woori Yallock,Yarra Ranges,3592.8,2026
Woorinen,Swan Hill,7462.2,2026
Woorinen North,Swan Hill,7462.2,2026
Woorinen South,Swan Hill,7462.2,2026
Woorndoo,Moyne,2907.2,2026
Wooroonook,Buloke,4154.6,2026
Wootong Vale,Southern Grampians,5733.6,2026
Wuk Wuk,East Gippsland,9280.4,2026
Wunghnu,Moira,5646.2,2026
Wurdiboluc,Surf Coast,2453.9,2026
Wurruk,Wellington,8830.1,2026
Wy Yung,East Gippsland,9280.4,2026
Wycheproof,Buloke,4154.6,2026
Wycheproof South,Buloke,4154.6,2026
Wychitella,Loddon,5097.6,2026
Wye River,Colac-Otway,6280.6,2026
Wyndham Vale,Wyndham,5183.8,2026
Wyuna,Campaspe,7598.2,2026
Wyuna East,Campaspe,7598.2,2026
Yaapeet,Yarriambiack,5410.1,2026
Yabba North,Moira,5646.2,2026
Yabba South,Moira,5646.2,2026
Yackandandah,Indigo,2491.5,2026
Yalca,Moira,5646.2,2026
Yallambie,Banyule,5777.9,2026
Yallourn,Latrobe,12922.8,2026
Yallourn North,Latrobe,12922.8,2026
Yambuk,Moyne,2907.2,2026
Yambuna,Campaspe,7598.2,2026
Yan Yean,Whittlesea,4992.9,2026
Yanac,Hindmarsh,4837.7,2026
Yanakie,South Gippsland,5201.7,2026
Yandoit,Hepburn,3837.5,2026
Yangery,Moyne,2907.2,2026
Yannathan,Cardinia,4765.6,2026
Yapeen,Mount Alexander,4533.3,2026
Yarck,Murrindindi,3633.5,2026
Yarra Glen,Yarra Ranges,3592.8,2026
Yarra Junction,Yarra Ranges,3592.8,2026
Yarraberb,Loddon,5097.6,2026
Yarragon,Baw Baw,5740.2,2026
Yarragon South,Baw Baw,5740.2,2026
Yarram,Wellington,8830.1,2026
Yarrambat,Nillumbik,2654.9,2026
Yarraville,Maribyrnong,10380.7,2026
Yarrawalla,Loddon,5097.6,2026
Yarrawonga,Moira,5646.2,2026
Yarroweyah,Moira,5646.2,2026
Yea,Murrindindi,3633.5,2026
Yellingbo,Yarra Ranges,3592.8,2026
Yelta,Mildura,10269.1,2026
Yendon,Moorabool,5893.8,2026
Yeo,Colac-Otway,6280.6,2026
Yeodene,Colac-Otway,6280.6,2026
Yering,Yarra Ranges,3592.8,2026
Yeungroon,Buloke,4154.6,2026
Yeungroon East,Buloke,4154.6,2026
Yielima,Moira,5646.2,2026
Yinnar,Latrobe,12922.8,2026
Yinnar South,Latrobe,12922.8,2026
Youarang,Moira,5646.2,2026
Yulecart,Southern Grampians,5733.6,2026
Yundool,Moira,5646.2,2026
Yuroke,Hume,6016.8,2026
Yuulong,Colac-Otway,6280.6,2026
Zeerust,Greater Shepparton,10207.9,2026
Zumsteins,Northern Grampians,10712.0,2026
